[
{
  "model": "auth.permission",
  "pk": 1,
  "fields": {
    "name": "Can add log entry",
    "content_type": 1,
    "codename": "add_logentry"
  }
},
{
  "model": "auth.permission",
  "pk": 2,
  "fields": {
    "name": "Can change log entry",
    "content_type": 1,
    "codename": "change_logentry"
  }
},
{
  "model": "auth.permission",
  "pk": 3,
  "fields": {
    "name": "Can delete log entry",
    "content_type": 1,
    "codename": "delete_logentry"
  }
},
{
  "model": "auth.permission",
  "pk": 4,
  "fields": {
    "name": "Can view log entry",
    "content_type": 1,
    "codename": "view_logentry"
  }
},
{
  "model": "auth.permission",
  "pk": 5,
  "fields": {
    "name": "Can add permission",
    "content_type": 2,
    "codename": "add_permission"
  }
},
{
  "model": "auth.permission",
  "pk": 6,
  "fields": {
    "name": "Can change permission",
    "content_type": 2,
    "codename": "change_permission"
  }
},
{
  "model": "auth.permission",
  "pk": 7,
  "fields": {
    "name": "Can delete permission",
    "content_type": 2,
    "codename": "delete_permission"
  }
},
{
  "model": "auth.permission",
  "pk": 8,
  "fields": {
    "name": "Can view permission",
    "content_type": 2,
    "codename": "view_permission"
  }
},
{
  "model": "auth.permission",
  "pk": 9,
  "fields": {
    "name": "Can add group",
    "content_type": 3,
    "codename": "add_group"
  }
},
{
  "model": "auth.permission",
  "pk": 10,
  "fields": {
    "name": "Can change group",
    "content_type": 3,
    "codename": "change_group"
  }
},
{
  "model": "auth.permission",
  "pk": 11,
  "fields": {
    "name": "Can delete group",
    "content_type": 3,
    "codename": "delete_group"
  }
},
{
  "model": "auth.permission",
  "pk": 12,
  "fields": {
    "name": "Can view group",
    "content_type": 3,
    "codename": "view_group"
  }
},
{
  "model": "auth.permission",
  "pk": 13,
  "fields": {
    "name": "Can add content type",
    "content_type": 4,
    "codename": "add_contenttype"
  }
},
{
  "model": "auth.permission",
  "pk": 14,
  "fields": {
    "name": "Can change content type",
    "content_type": 4,
    "codename": "change_contenttype"
  }
},
{
  "model": "auth.permission",
  "pk": 15,
  "fields": {
    "name": "Can delete content type",
    "content_type": 4,
    "codename": "delete_contenttype"
  }
},
{
  "model": "auth.permission",
  "pk": 16,
  "fields": {
    "name": "Can view content type",
    "content_type": 4,
    "codename": "view_contenttype"
  }
},
{
  "model": "auth.permission",
  "pk": 17,
  "fields": {
    "name": "Can add session",
    "content_type": 5,
    "codename": "add_session"
  }
},
{
  "model": "auth.permission",
  "pk": 18,
  "fields": {
    "name": "Can change session",
    "content_type": 5,
    "codename": "change_session"
  }
},
{
  "model": "auth.permission",
  "pk": 19,
  "fields": {
    "name": "Can delete session",
    "content_type": 5,
    "codename": "delete_session"
  }
},
{
  "model": "auth.permission",
  "pk": 20,
  "fields": {
    "name": "Can view session",
    "content_type": 5,
    "codename": "view_session"
  }
},
{
  "model": "auth.permission",
  "pk": 21,
  "fields": {
    "name": "Can add Token",
    "content_type": 6,
    "codename": "add_token"
  }
},
{
  "model": "auth.permission",
  "pk": 22,
  "fields": {
    "name": "Can change Token",
    "content_type": 6,
    "codename": "change_token"
  }
},
{
  "model": "auth.permission",
  "pk": 23,
  "fields": {
    "name": "Can delete Token",
    "content_type": 6,
    "codename": "delete_token"
  }
},
{
  "model": "auth.permission",
  "pk": 24,
  "fields": {
    "name": "Can view Token",
    "content_type": 6,
    "codename": "view_token"
  }
},
{
  "model": "auth.permission",
  "pk": 25,
  "fields": {
    "name": "Can add token",
    "content_type": 7,
    "codename": "add_tokenproxy"
  }
},
{
  "model": "auth.permission",
  "pk": 26,
  "fields": {
    "name": "Can change token",
    "content_type": 7,
    "codename": "change_tokenproxy"
  }
},
{
  "model": "auth.permission",
  "pk": 27,
  "fields": {
    "name": "Can delete token",
    "content_type": 7,
    "codename": "delete_tokenproxy"
  }
},
{
  "model": "auth.permission",
  "pk": 28,
  "fields": {
    "name": "Can view token",
    "content_type": 7,
    "codename": "view_tokenproxy"
  }
},
{
  "model": "auth.permission",
  "pk": 29,
  "fields": {
    "name": "Can add email address",
    "content_type": 8,
    "codename": "add_emailaddress"
  }
},
{
  "model": "auth.permission",
  "pk": 30,
  "fields": {
    "name": "Can change email address",
    "content_type": 8,
    "codename": "change_emailaddress"
  }
},
{
  "model": "auth.permission",
  "pk": 31,
  "fields": {
    "name": "Can delete email address",
    "content_type": 8,
    "codename": "delete_emailaddress"
  }
},
{
  "model": "auth.permission",
  "pk": 32,
  "fields": {
    "name": "Can view email address",
    "content_type": 8,
    "codename": "view_emailaddress"
  }
},
{
  "model": "auth.permission",
  "pk": 33,
  "fields": {
    "name": "Can add email confirmation",
    "content_type": 9,
    "codename": "add_emailconfirmation"
  }
},
{
  "model": "auth.permission",
  "pk": 34,
  "fields": {
    "name": "Can change email confirmation",
    "content_type": 9,
    "codename": "change_emailconfirmation"
  }
},
{
  "model": "auth.permission",
  "pk": 35,
  "fields": {
    "name": "Can delete email confirmation",
    "content_type": 9,
    "codename": "delete_emailconfirmation"
  }
},
{
  "model": "auth.permission",
  "pk": 36,
  "fields": {
    "name": "Can view email confirmation",
    "content_type": 9,
    "codename": "view_emailconfirmation"
  }
},
{
  "model": "auth.permission",
  "pk": 37,
  "fields": {
    "name": "Can add social account",
    "content_type": 10,
    "codename": "add_socialaccount"
  }
},
{
  "model": "auth.permission",
  "pk": 38,
  "fields": {
    "name": "Can change social account",
    "content_type": 10,
    "codename": "change_socialaccount"
  }
},
{
  "model": "auth.permission",
  "pk": 39,
  "fields": {
    "name": "Can delete social account",
    "content_type": 10,
    "codename": "delete_socialaccount"
  }
},
{
  "model": "auth.permission",
  "pk": 40,
  "fields": {
    "name": "Can view social account",
    "content_type": 10,
    "codename": "view_socialaccount"
  }
},
{
  "model": "auth.permission",
  "pk": 41,
  "fields": {
    "name": "Can add social application",
    "content_type": 11,
    "codename": "add_socialapp"
  }
},
{
  "model": "auth.permission",
  "pk": 42,
  "fields": {
    "name": "Can change social application",
    "content_type": 11,
    "codename": "change_socialapp"
  }
},
{
  "model": "auth.permission",
  "pk": 43,
  "fields": {
    "name": "Can delete social application",
    "content_type": 11,
    "codename": "delete_socialapp"
  }
},
{
  "model": "auth.permission",
  "pk": 44,
  "fields": {
    "name": "Can view social application",
    "content_type": 11,
    "codename": "view_socialapp"
  }
},
{
  "model": "auth.permission",
  "pk": 45,
  "fields": {
    "name": "Can add social application token",
    "content_type": 12,
    "codename": "add_socialtoken"
  }
},
{
  "model": "auth.permission",
  "pk": 46,
  "fields": {
    "name": "Can change social application token",
    "content_type": 12,
    "codename": "change_socialtoken"
  }
},
{
  "model": "auth.permission",
  "pk": 47,
  "fields": {
    "name": "Can delete social application token",
    "content_type": 12,
    "codename": "delete_socialtoken"
  }
},
{
  "model": "auth.permission",
  "pk": 48,
  "fields": {
    "name": "Can view social application token",
    "content_type": 12,
    "codename": "view_socialtoken"
  }
},
{
  "model": "auth.permission",
  "pk": 49,
  "fields": {
    "name": "Can add custom user",
    "content_type": 13,
    "codename": "add_customuser"
  }
},
{
  "model": "auth.permission",
  "pk": 50,
  "fields": {
    "name": "Can change custom user",
    "content_type": 13,
    "codename": "change_customuser"
  }
},
{
  "model": "auth.permission",
  "pk": 51,
  "fields": {
    "name": "Can delete custom user",
    "content_type": 13,
    "codename": "delete_customuser"
  }
},
{
  "model": "auth.permission",
  "pk": 52,
  "fields": {
    "name": "Can view custom user",
    "content_type": 13,
    "codename": "view_customuser"
  }
},
{
  "model": "auth.permission",
  "pk": 53,
  "fields": {
    "name": "Can add employee",
    "content_type": 14,
    "codename": "add_employee"
  }
},
{
  "model": "auth.permission",
  "pk": 54,
  "fields": {
    "name": "Can change employee",
    "content_type": 14,
    "codename": "change_employee"
  }
},
{
  "model": "auth.permission",
  "pk": 55,
  "fields": {
    "name": "Can delete employee",
    "content_type": 14,
    "codename": "delete_employee"
  }
},
{
  "model": "auth.permission",
  "pk": 56,
  "fields": {
    "name": "Can view employee",
    "content_type": 14,
    "codename": "view_employee"
  }
},
{
  "model": "auth.permission",
  "pk": 57,
  "fields": {
    "name": "Can add review",
    "content_type": 15,
    "codename": "add_review"
  }
},
{
  "model": "auth.permission",
  "pk": 58,
  "fields": {
    "name": "Can change review",
    "content_type": 15,
    "codename": "change_review"
  }
},
{
  "model": "auth.permission",
  "pk": 59,
  "fields": {
    "name": "Can delete review",
    "content_type": 15,
    "codename": "delete_review"
  }
},
{
  "model": "auth.permission",
  "pk": 60,
  "fields": {
    "name": "Can view review",
    "content_type": 15,
    "codename": "view_review"
  }
},
{
  "model": "auth.permission",
  "pk": 61,
  "fields": {
    "name": "Can add order",
    "content_type": 16,
    "codename": "add_order"
  }
},
{
  "model": "auth.permission",
  "pk": 62,
  "fields": {
    "name": "Can change order",
    "content_type": 16,
    "codename": "change_order"
  }
},
{
  "model": "auth.permission",
  "pk": 63,
  "fields": {
    "name": "Can delete order",
    "content_type": 16,
    "codename": "delete_order"
  }
},
{
  "model": "auth.permission",
  "pk": 64,
  "fields": {
    "name": "Can view order",
    "content_type": 16,
    "codename": "view_order"
  }
},
{
  "model": "auth.permission",
  "pk": 65,
  "fields": {
    "name": "Can add maintain",
    "content_type": 17,
    "codename": "add_maintain"
  }
},
{
  "model": "auth.permission",
  "pk": 66,
  "fields": {
    "name": "Can change maintain",
    "content_type": 17,
    "codename": "change_maintain"
  }
},
{
  "model": "auth.permission",
  "pk": 67,
  "fields": {
    "name": "Can delete maintain",
    "content_type": 17,
    "codename": "delete_maintain"
  }
},
{
  "model": "auth.permission",
  "pk": 68,
  "fields": {
    "name": "Can view maintain",
    "content_type": 17,
    "codename": "view_maintain"
  }
},
{
  "model": "auth.permission",
  "pk": 69,
  "fields": {
    "name": "Can add article",
    "content_type": 18,
    "codename": "add_article"
  }
},
{
  "model": "auth.permission",
  "pk": 70,
  "fields": {
    "name": "Can change article",
    "content_type": 18,
    "codename": "change_article"
  }
},
{
  "model": "auth.permission",
  "pk": 71,
  "fields": {
    "name": "Can delete article",
    "content_type": 18,
    "codename": "delete_article"
  }
},
{
  "model": "auth.permission",
  "pk": 72,
  "fields": {
    "name": "Can view article",
    "content_type": 18,
    "codename": "view_article"
  }
},
{
  "model": "auth.permission",
  "pk": 73,
  "fields": {
    "name": "Can add article category",
    "content_type": 19,
    "codename": "add_articlecategory"
  }
},
{
  "model": "auth.permission",
  "pk": 74,
  "fields": {
    "name": "Can change article category",
    "content_type": 19,
    "codename": "change_articlecategory"
  }
},
{
  "model": "auth.permission",
  "pk": 75,
  "fields": {
    "name": "Can delete article category",
    "content_type": 19,
    "codename": "delete_articlecategory"
  }
},
{
  "model": "auth.permission",
  "pk": 76,
  "fields": {
    "name": "Can view article category",
    "content_type": 19,
    "codename": "view_articlecategory"
  }
},
{
  "model": "auth.permission",
  "pk": 77,
  "fields": {
    "name": "Can add car",
    "content_type": 20,
    "codename": "add_car"
  }
},
{
  "model": "auth.permission",
  "pk": 78,
  "fields": {
    "name": "Can change car",
    "content_type": 20,
    "codename": "change_car"
  }
},
{
  "model": "auth.permission",
  "pk": 79,
  "fields": {
    "name": "Can delete car",
    "content_type": 20,
    "codename": "delete_car"
  }
},
{
  "model": "auth.permission",
  "pk": 80,
  "fields": {
    "name": "Can view car",
    "content_type": 20,
    "codename": "view_car"
  }
},
{
  "model": "contenttypes.contenttype",
  "pk": 1,
  "fields": {
    "app_label": "admin",
    "model": "logentry"
  }
},
{
  "model": "contenttypes.contenttype",
  "pk": 2,
  "fields": {
    "app_label": "auth",
    "model": "permission"
  }
},
{
  "model": "contenttypes.contenttype",
  "pk": 3,
  "fields": {
    "app_label": "auth",
    "model": "group"
  }
},
{
  "model": "contenttypes.contenttype",
  "pk": 4,
  "fields": {
    "app_label": "contenttypes",
    "model": "contenttype"
  }
},
{
  "model": "contenttypes.contenttype",
  "pk": 5,
  "fields": {
    "app_label": "sessions",
    "model": "session"
  }
},
{
  "model": "contenttypes.contenttype",
  "pk": 6,
  "fields": {
    "app_label": "authtoken",
    "model": "token"
  }
},
{
  "model": "contenttypes.contenttype",
  "pk": 7,
  "fields": {
    "app_label": "authtoken",
    "model": "tokenproxy"
  }
},
{
  "model": "contenttypes.contenttype",
  "pk": 8,
  "fields": {
    "app_label": "account",
    "model": "emailaddress"
  }
},
{
  "model": "contenttypes.contenttype",
  "pk": 9,
  "fields": {
    "app_label": "account",
    "model": "emailconfirmation"
  }
},
{
  "model": "contenttypes.contenttype",
  "pk": 10,
  "fields": {
    "app_label": "socialaccount",
    "model": "socialaccount"
  }
},
{
  "model": "contenttypes.contenttype",
  "pk": 11,
  "fields": {
    "app_label": "socialaccount",
    "model": "socialapp"
  }
},
{
  "model": "contenttypes.contenttype",
  "pk": 12,
  "fields": {
    "app_label": "socialaccount",
    "model": "socialtoken"
  }
},
{
  "model": "contenttypes.contenttype",
  "pk": 13,
  "fields": {
    "app_label": "user",
    "model": "customuser"
  }
},
{
  "model": "contenttypes.contenttype",
  "pk": 14,
  "fields": {
    "app_label": "user",
    "model": "employee"
  }
},
{
  "model": "contenttypes.contenttype",
  "pk": 15,
  "fields": {
    "app_label": "user",
    "model": "review"
  }
},
{
  "model": "contenttypes.contenttype",
  "pk": 16,
  "fields": {
    "app_label": "user",
    "model": "order"
  }
},
{
  "model": "contenttypes.contenttype",
  "pk": 17,
  "fields": {
    "app_label": "user",
    "model": "maintain"
  }
},
{
  "model": "contenttypes.contenttype",
  "pk": 18,
  "fields": {
    "app_label": "article",
    "model": "article"
  }
},
{
  "model": "contenttypes.contenttype",
  "pk": 19,
  "fields": {
    "app_label": "article",
    "model": "articlecategory"
  }
},
{
  "model": "contenttypes.contenttype",
  "pk": 20,
  "fields": {
    "app_label": "car",
    "model": "car"
  }
},
{
  "model": "sessions.session",
  "pk": "0x4ngqvdn4cz79ubug6delflh4mwnuih",
  "fields": {
    "session_data": ".eJxVjUkOAiEQRe_C2pBCGcSdXoQUVBGIHTqxYWW8u2J6ocv__vQUAUcvYWz8CJXERXgQh18YMd25TQeXZWKJKa2jdfnN7PYmrx_FrdeEva7ttrf-pgpuZT4QGPBIrCAfo3XWqRgZNCalrDcuejKcFXrDOnNOKrPmkz-DJQearHi9Ae5WPOY:1p4jjE:-syfdoy3It2QXSzWm94am_D_NlW9sa3K1VfHXWCKVxY",
    "expire_date": "2022-12-26T14:24:24.737Z"
  }
},
{
  "model": "sessions.session",
  "pk": "2qvwmdv8405to4xv94f12k4ln9bu23kt",
  "fields": {
    "session_data": ".eJxVjEEOgjAURO_StSGllBbcyUXI9Pt_2khKIu3KeHfBsNDlvJl5LzWjljjXjZ9zuqurajt1-YUB9OB8NFiWAzcgWmsuzXdz1ltz2xPnkgglrXk6X3-qiC3uHiEZrW514B5G2EKTWLBmMYMYjNa73jpvWktGoDG4kXQwPXvvXIeg3h_81zzN:1p3d7U:fkdzrCbcU2OFCJLY92I3fceqwN3Qc3oNq3SejcIRzFY",
    "expire_date": "2022-12-23T13:08:52.426Z"
  }
},
{
  "model": "sessions.session",
  "pk": "33cmsrtjkolxn95xh7d68qpzhga33bnn",
  "fields": {
    "session_data": "eyJhY2NvdW50X3ZlcmlmaWVkX2VtYWlsIjpudWxsLCJhY2NvdW50X3VzZXIiOiIxYiJ9:1p4PTa:_QKnPopp6t8jtAZ1EdwIiaNFq00tmCfvF0E41mu9nU4",
    "expire_date": "2022-12-25T16:46:54.829Z"
  }
},
{
  "model": "sessions.session",
  "pk": "3ewa4fzhcqph0637rly0qfafps6ngndp",
  "fields": {
    "session_data": "eyJhY2NvdW50X3ZlcmlmaWVkX2VtYWlsIjpudWxsLCJhY2NvdW50X3VzZXIiOiIxaCJ9:1p4Pgs:YErweMhc4MZLq6wAGWtqNjM5yu4LHem2WfhWtdd8PH8",
    "expire_date": "2022-12-25T17:00:38.844Z"
  }
},
{
  "model": "sessions.session",
  "pk": "3re399xviei6bfql2l73zv3maezhr923",
  "fields": {
    "session_data": "eyJhY2NvdW50X3ZlcmlmaWVkX2VtYWlsIjpudWxsLCJhY2NvdW50X3VzZXIiOiIxOSJ9:1p4PP1:L8S7i_0JA1VwiSsNowf8gNeH8o1-KNTxJHQEgfhYkII",
    "expire_date": "2022-12-25T16:42:11.533Z"
  }
},
{
  "model": "sessions.session",
  "pk": "3tndcpdtiy0palikleukbj6mibdkhija",
  "fields": {
    "session_data": ".eJxVjUkOAiEQRe_C2pBCGcSdXoQUVBGIHTqxYWW8u2J6ocv__vQUAUcvYWz8CJXERXgQh18YMd25TQeXZWKJKa2jdfnN7PYmrx_FrdeEva7ttrf-pgpuZT4QGPBIrCAfo3XWqRgZNCalrDcuejKcFXrDOnNOKrPmkz-DJQearHi9Ae5WPOY:1p4jiX:3YDo7dPXqffV73D1RmlgZFgEvMLknbLo4nc9hYZGtWU",
    "expire_date": "2022-12-26T14:23:41.380Z"
  }
},
{
  "model": "sessions.session",
  "pk": "4caul54qjx3ud0qs3u6nx4giq8audrk8",
  "fields": {
    "session_data": ".eJxVjMEOwiAQRP-FsyGFtsB60x8hy7IEYkMTCyfjv9uaHvQ4b2beS3jsLfu-8dOXKK4CtLj8woD04Ho0uCwHlki09trkd3PWm7ztiWsrhK2s9X6-_lQZt7x7xhCD0hOws3aeEAxrMgzGDgFStKA0uREczUA6DOSSsgk4Ts6Og0ZO4v0B3I88eQ:1p5ACT:wc3Eb5ZbXEgRHwmUTEa0Un6KJZINd7C58kodYlISN-o",
    "expire_date": "2022-12-27T18:40:21.199Z"
  }
},
{
  "model": "sessions.session",
  "pk": "4dbtk0b9dp3e9xv67bbh2sok9qzfq8cn",
  "fields": {
    "session_data": "eyJhY2NvdW50X3ZlcmlmaWVkX2VtYWlsIjpudWxsLCJhY2NvdW50X3VzZXIiOiIxdyJ9:1p4RBk:yTZsexZFQONAVf0k7uAIxdQaP1iirDjIUCXCYaHD58U",
    "expire_date": "2022-12-25T18:36:36.887Z"
  }
},
{
  "model": "sessions.session",
  "pk": "5zkzzie5xxtbml00tf368newkbaa1w3u",
  "fields": {
    "session_data": "eyJhY2NvdW50X3ZlcmlmaWVkX2VtYWlsIjpudWxsLCJhY2NvdW50X3VzZXIiOiIyaCJ9:1p4jJ2:Jio-7_NIuGTnPeB7pllh4SHT9aJQ67SxwPOfSqPQj8c",
    "expire_date": "2022-12-26T13:57:20.256Z"
  }
},
{
  "model": "sessions.session",
  "pk": "63bieg767kwb8dyjd1rie1w6gctewiaq",
  "fields": {
    "session_data": ".eJxVjMEOwiAQRP-FsyGFtsB60x8hy7IEYkMTCyfjv9uaHvQ4b2beS3jsLfu-8dOXKK4CtLj8woD04Ho0uCwHlki09trkd3PWm7ztiWsrhK2s9X6-_lQZt7x7xhCD0hOws3aeEAxrMgzGDgFStKA0uREczUA6DOSSsgk4Ts6Og0ZO4v0B3I88eQ:1p59wu:RjKyWlgvfJYPx0qDr1c0Il9kHSDGgvNLlGnkcYmEC_g",
    "expire_date": "2022-12-27T18:24:16.598Z"
  }
},
{
  "model": "sessions.session",
  "pk": "6es48zpwmeo9p6aa98qz619cbrgsfnno",
  "fields": {
    "session_data": "eyJhY2NvdW50X3ZlcmlmaWVkX2VtYWlsIjpudWxsLCJhY2NvdW50X3VzZXIiOiIyNSJ9:1p4TkS:TXWVG2FcX_9tdWTa5fEJ1Ws-sjlA1FusnKkTXLAkdqQ",
    "expire_date": "2022-12-25T21:20:36.945Z"
  }
},
{
  "model": "sessions.session",
  "pk": "6ktwmkxr07o93dtx19t3ci4wrfttevp8",
  "fields": {
    "session_data": "eyJhY2NvdW50X3ZlcmlmaWVkX2VtYWlsIjpudWxsLCJhY2NvdW50X3VzZXIiOiIxbSJ9:1p4PrC:O4n0XY6_WZPSdDV5LJRfwcSOS2uvHQ3D4hlo6Oi1z8k",
    "expire_date": "2022-12-25T17:11:18.243Z"
  }
},
{
  "model": "sessions.session",
  "pk": "6rrs2lj6yv6lgnb7gexz0chbmt6vz9rd",
  "fields": {
    "session_data": "eyJhY2NvdW50X3ZlcmlmaWVkX2VtYWlsIjpudWxsLCJhY2NvdW50X3VzZXIiOiIxciJ9:1p4QQY:KY3yQn0UEVn7rg8GsXlYmPXtUmDutRvJbrgJ5_ay6mo",
    "expire_date": "2022-12-25T17:47:50.387Z"
  }
},
{
  "model": "sessions.session",
  "pk": "7exgig84j3lgfw4ikv4l6ek57toiz4d3",
  "fields": {
    "session_data": ".eJxVjUkOAiEQRe_C2pBCGcSdXoQUVBGIHTqxYWW8u2J6ocv__vQUAUcvYWz8CJXERXgQh18YMd25TQeXZWKJKa2jdfnN7PYmrx_FrdeEva7ttrf-pgpuZT4QGPBIrCAfo3XWqRgZNCalrDcuejKcFXrDOnNOKrPmkz-DJQearHi9Ae5WPOY:1p4jkH:A2D6YChTM1rTjPfUfj0f0-aUuLl7a96otoSf3sf3OCs",
    "expire_date": "2022-12-26T14:25:29.103Z"
  }
},
{
  "model": "sessions.session",
  "pk": "7krnif5vhx40b5tls1hosx4c1mu87vqj",
  "fields": {
    "session_data": "eyJhY2NvdW50X3ZlcmlmaWVkX2VtYWlsIjpudWxsLCJhY2NvdW50X3VzZXIiOiIxOCJ9:1p4PNJ:X5KzlsX0W0pRM0rMFh9Y9jjxwUPuudj83caeI7G08z4",
    "expire_date": "2022-12-25T16:40:25.923Z"
  }
},
{
  "model": "sessions.session",
  "pk": "7ukvksj59nq6nzispn2wk77vol9er54f",
  "fields": {
    "session_data": ".eJxVjUkOAiEQRe_C2pBCGcSdXoQUVBGIHTqxYWW8u2J6ocv__vQUAUcvYWz8CJXERXgQh18YMd25TQeXZWKJKa2jdfnN7PYmrx_FrdeEva7ttrf-pgpuZT4QGPBIrCAfo3XWqRgZNCalrDcuejKcFXrDOnNOKrPmkz-DJQearHi9Ae5WPOY:1p4jiu:OCE8G5uqUrU2q_eEXiV4YMvkOr5eeNG4QSrLTDS84ng",
    "expire_date": "2022-12-26T14:24:04.899Z"
  }
},
{
  "model": "sessions.session",
  "pk": "86v95738ndhm8rk2ak83zxll374v0egd",
  "fields": {
    "session_data": ".eJxVjUkOAiEQRe_C2pBCGcSdXoQUVBGIHTqxYWW8u2J6ocv__vQUAUcvYWz8CJXERXgQh18YMd25TQeXZWKJKa2jdfnN7PYmrx_FrdeEva7ttrf-pgpuZT4QGPBIrCAfo3XWqRgZNCalrDcuejKcFXrDOnNOKrPmkz-DJQearHi9Ae5WPOY:1p4jeU:_0yJkiRtUU96MjlegYMEKUwNipf4JFiKDrgIDqOtOCM",
    "expire_date": "2022-12-26T14:19:30.905Z"
  }
},
{
  "model": "sessions.session",
  "pk": "8isdhkq77s3kj66dexx3hcdd32qm2bx2",
  "fields": {
    "session_data": ".eJxVjMEOwiAQRP-FsyGFtsB60x8hy7IEYkMTCyfjv9uaHvQ4b2beS3jsLfu-8dOXKK4CtLj8woD04Ho0uCwHlki09trkd3PWm7ztiWsrhK2s9X6-_lQZt7x7xhCD0hOws3aeEAxrMgzGDgFStKA0uREczUA6DOSSsgk4Ts6Og0ZO4v0B3I88eQ:1p5AF8:bRYBwb5QgJd9Rl2A10tivO862gSy_Mhys0R0bmx-oBs",
    "expire_date": "2022-12-27T18:43:06.062Z"
  }
},
{
  "model": "sessions.session",
  "pk": "8peib6zovsuhbeg498bqs9n5jsb5kkts",
  "fields": {
    "session_data": "eyJhY2NvdW50X3ZlcmlmaWVkX2VtYWlsIjpudWxsLCJhY2NvdW50X3VzZXIiOiIxYSJ9:1p4PPx:dZ29bLYMBL_eNCeu-BA2UuYHPNgVpjD9qu8Cwn4oMpM",
    "expire_date": "2022-12-25T16:43:09.086Z"
  }
},
{
  "model": "sessions.session",
  "pk": "8pwxxosbnwhickp8zeva9jpilupd92xb",
  "fields": {
    "session_data": "eyJhY2NvdW50X3ZlcmlmaWVkX2VtYWlsIjpudWxsLCJhY2NvdW50X3VzZXIiOiJ6In0:1p3wP2:h7f1tmwAkoapzRr-3GH7iN1OUUbocFppJHREeBwnJcI",
    "expire_date": "2022-12-24T09:44:16.560Z"
  }
},
{
  "model": "sessions.session",
  "pk": "90g7zhl1n8glyp9ddv4wlyuz2zzbtylo",
  "fields": {
    "session_data": ".eJxVjMEOgyAQRP-Fc2MEyrr0Vn-ErMsaSA0mFU5N_73aeGiP82bmvVSgVlNomzxDjuqm7FVdfuFE_JByNLQsB-6IeW2ldt_NWW_dfU9SamaqeS3j-fpTJdrS7hFAmfUU0Wo0MkOPProeyCNB9MC8Qx3JehCLbCwOg-6NOCAH4K1X7w_pPzwS:1p3x8e:kdufGGCYyTiPdleGc4AdqLV1w8RXCJHact0LkNVGBxU",
    "expire_date": "2022-12-24T10:31:24.512Z"
  }
},
{
  "model": "sessions.session",
  "pk": "9aqmukgvd6qsrsraj8rq2ogvqrzmwyb6",
  "fields": {
    "session_data": ".eJxVjUkOAiEQRe_C2pBCGcSdXoQUVBGIHTqxYWW8u2J6ocv__vQUAUcvYWz8CJXERXgQh18YMd25TQeXZWKJKa2jdfnN7PYmrx_FrdeEva7ttrf-pgpuZT4QGPBIrCAfo3XWqRgZNCalrDcuejKcFXrDOnNOKrPmkz-DJQearHi9Ae5WPOY:1p4jkG:t3xVFqp9fzZX20gBv_33KgjT-GhctJtps7wkgK_kBsQ",
    "expire_date": "2022-12-26T14:25:28.991Z"
  }
},
{
  "model": "sessions.session",
  "pk": "9fxhq0lt2cp025254d3mom5tcmp8vr9w",
  "fields": {
    "session_data": ".eJxVjMEOwiAQRP-FsyGFtsB60x8hy7IEYkMTCyfjv9uaHvQ4b2beS3jsLfu-8dOXKK4CtLj8woD04Ho0uCwHlki09trkd3PWm7ztiWsrhK2s9X6-_lQZt7x7xhCD0hOws3aeEAxrMgzGDgFStKA0uREczUA6DOSSsgk4Ts6Og0ZO4v0B3I88eQ:1p4jr8:uS-48WM3-1AKsyJypDEXA-51lEGg3pAJSdcVWQksY9w",
    "expire_date": "2022-12-26T14:32:34.129Z"
  }
},
{
  "model": "sessions.session",
  "pk": "9stcj3o84hde8bs652713t51hh6q5f6v",
  "fields": {
    "session_data": "eyJhY2NvdW50X3ZlcmlmaWVkX2VtYWlsIjpudWxsLCJhY2NvdW50X3VzZXIiOiIxdSJ9:1p4Qy3:Pt4ZrV09SOqfSWuSYPb3D6YkOwNvQvZncVCPKUJOpBc",
    "expire_date": "2022-12-25T18:22:27.355Z"
  }
},
{
  "model": "sessions.session",
  "pk": "9u1hmukgf0syiiyt1lhvln6fud2eg79i",
  "fields": {
    "session_data": "eyJhY2NvdW50X3ZlcmlmaWVkX2VtYWlsIjpudWxsLCJhY2NvdW50X3VzZXIiOiIyaiJ9:1p4jkh:8__UWO1Qzrb5mbbbyVRFoSkdrptmUJWrhNQyKAiew2o",
    "expire_date": "2022-12-26T14:25:55.702Z"
  }
},
{
  "model": "sessions.session",
  "pk": "9uiumo1c9uwp3g6g3dgkw3qf25esnl6l",
  "fields": {
    "session_data": ".eJxVjMEOgyAQRP-Fc2MEyrr0Vn-ErMsaSA0mFU5N_73aeGiP82bmvVSgVlNomzxDjuqm7FVdfuFE_JByNLQsB-6IeW2ldt_NWW_dfU9SamaqeS3j-fpTJdrS7hFAmfUU0Wo0MkOPProeyCNB9MC8Qx3JehCLbCwOg-6NOCAH4K1X7w_pPzwS:1p3vrb:TxOVnFRG1JC5is9pwF-RHt8BolCJb1CWquBWc1xveGQ",
    "expire_date": "2022-12-24T09:09:43.336Z"
  }
},
{
  "model": "sessions.session",
  "pk": "a7g7fcrthm3tlxpkxvljadd8x53mzgxu",
  "fields": {
    "session_data": ".eJxVjMsKwjAURP8lawl5NQnu9EfKfYUWSwomXYn_bitd6HLOzJyXGmHr07g1eY4zq6vKSV1-IQI9pB4NLMuBNRCtW-36uznrpm97ktpngj6v9X6-_lQTtGn3UCoyUPGhFLGUHSZEZhcZLbtgszFOspiY2cfiEAMZS9En9t4PBYN6fwAXcD0z:1p4jGa:rg60bip7OA0w6R9nwhEjUNMHoF59T7whEzmc1vNZgoE",
    "expire_date": "2022-12-26T13:54:48.633Z"
  }
},
{
  "model": "sessions.session",
  "pk": "ceqpzdek7h25z2buavy2mb6ut0h08w2v",
  "fields": {
    "session_data": "eyJhY2NvdW50X3ZlcmlmaWVkX2VtYWlsIjpudWxsLCJhY2NvdW50X3VzZXIiOiIyZyJ9:1p4jHB:3BseE0V9Vwir-W5994Nho1btY-gPBuM8PQKA5h66fh8",
    "expire_date": "2022-12-26T13:55:25.593Z"
  }
},
{
  "model": "sessions.session",
  "pk": "cos5d17q5fx6jmeyy9mw3k6hy6kfbwnq",
  "fields": {
    "session_data": ".eJxVjEsOAiEQRO_C2hC-QrvTi5CmwUCcMIkwK-PdZcwsdFmvqt6LBdxGCVvPz1ATuzCQ7PQLI9Ijt73BZdkxR6J1a4N_N0fd-XWm3EYlHHVtt-P1pyrYy_TcpTYxJaGkTgReGQANXgOBi94K6_JkKJSVFI0zhhBl9h4tnlGnqNn7A8RQO-8:1p4jmE:32ayZ5QEK4PrQADOAmqpMu9c-CShzmtg4QLm8eRHdw0",
    "expire_date": "2022-12-26T14:27:30.336Z"
  }
},
{
  "model": "sessions.session",
  "pk": "dg9t2xgc4ley8x4e1gtmvhkf1fjtiocn",
  "fields": {
    "session_data": ".eJxVjMEOwiAQRP-FsyGFtsB60x8hy7IEYkMTCyfjv9uaHvQ4b2beS3jsLfu-8dOXKK4CtLj8woD04Ho0uCwHlki09trkd3PWm7ztiWsrhK2s9X6-_lQZt7x7xhCD0hOws3aeEAxrMgzGDgFStKA0uREczUA6DOSSsgk4Ts6Og0ZO4v0B3I88eQ:1p4jsZ:BuiNHdPhnwsDU7ywOL20dYJMSbaIhHsoZ0FEtOEP5MU",
    "expire_date": "2022-12-26T14:34:03.554Z"
  }
},
{
  "model": "sessions.session",
  "pk": "dpz8vo9qp34yx5ghoxj13jd76jt72owf",
  "fields": {
    "session_data": "eyJhY2NvdW50X3ZlcmlmaWVkX2VtYWlsIjpudWxsLCJhY2NvdW50X3VzZXIiOiI5In0:1p3bJu:A-5eC92JoS5Qk6vXQPKCdfSK1b_7E0ov1iZVISkcLsk",
    "expire_date": "2022-12-23T11:13:34.879Z"
  }
},
{
  "model": "sessions.session",
  "pk": "emfy0l5d9vfftx0vzgkoj9w3ggbua8ys",
  "fields": {
    "session_data": ".eJxVjUkOAiEQRe_C2pBCGcSdXoQUVBGIHTqxYWW8u2J6ocv__vQUAUcvYWz8CJXERXgQh18YMd25TQeXZWKJKa2jdfnN7PYmrx_FrdeEva7ttrf-pgpuZT4QGPBIrCAfo3XWqRgZNCalrDcuejKcFXrDOnNOKrPmkz-DJQearHi9Ae5WPOY:1p4jii:mGhKAzoovGinnzT9cwnFWAcIvE6C3OCdxvM6XGtzO-w",
    "expire_date": "2022-12-26T14:23:52.426Z"
  }
},
{
  "model": "sessions.session",
  "pk": "f5lg86ifof72sk8nzbnsq1q9ab9x1la4",
  "fields": {
    "session_data": ".eJxVjUkOAiEQRe_C2pBCGcSdXoQUVBGIHTqxYWW8u2J6ocv__vQUAUcvYWz8CJXERXgQh18YMd25TQeXZWKJKa2jdfnN7PYmrx_FrdeEva7ttrf-pgpuZT4QGPBIrCAfo3XWqRgZNCalrDcuejKcFXrDOnNOKrPmkz-DJQearHi9Ae5WPOY:1p4jkE:3Yxy7yz8Av7bkgpYwgWlTiwig-HxzuzDPYIJ2pjXYpc",
    "expire_date": "2022-12-26T14:25:26.317Z"
  }
},
{
  "model": "sessions.session",
  "pk": "faaoq6u6zn7tvnebhkj8e4r1y048lxa2",
  "fields": {
    "session_data": ".eJxVjUkOAiEQRe_C2pBCGcSdXoQUVBGIHTqxYWW8u2J6ocv__vQUAUcvYWz8CJXERXgQh18YMd25TQeXZWKJKa2jdfnN7PYmrx_FrdeEva7ttrf-pgpuZT4QGPBIrCAfo3XWqRgZNCalrDcuejKcFXrDOnNOKrPmkz-DJQearHi9Ae5WPOY:1p4jda:6eJRYCoN3XfPu6-5McNZL-VI4bY_W2Ux5LEOTWo8sUg",
    "expire_date": "2022-12-26T14:18:34.664Z"
  }
},
{
  "model": "sessions.session",
  "pk": "fned8fccoq84m0rvde9gan79bijb3ggt",
  "fields": {
    "session_data": "eyJhY2NvdW50X3ZlcmlmaWVkX2VtYWlsIjpudWxsLCJhY2NvdW50X3VzZXIiOiIxcCJ9:1p4Q3j:D0BPlhKWceMfM4NXfRQTpyeeZlrjwCgn-OCMeRMKcwM",
    "expire_date": "2022-12-25T17:24:15.011Z"
  }
},
{
  "model": "sessions.session",
  "pk": "g0ws92on9p6kz2l8rctzntaylcsepygw",
  "fields": {
    "session_data": "eyJhY2NvdW50X3ZlcmlmaWVkX2VtYWlsIjpudWxsLCJhY2NvdW50X3VzZXIiOiIyMyJ9:1p4T5R:sa4yDqNPwI_3vtvaugFj0CtDxYsDO5MGj8iURYLxXvQ",
    "expire_date": "2022-12-25T20:38:13.360Z"
  }
},
{
  "model": "sessions.session",
  "pk": "gsnecbijlxhy0smwlne08kih29devbsh",
  "fields": {
    "session_data": "eyJhY2NvdW50X3ZlcmlmaWVkX2VtYWlsIjpudWxsLCJhY2NvdW50X3VzZXIiOiJ4In0:1p3kQg:kgaP6k16B4UQhBb_36lDhV_TNQw7x3hVvGveLAksx3A",
    "expire_date": "2022-12-23T20:57:10.096Z"
  }
},
{
  "model": "sessions.session",
  "pk": "ha2hyu8bgm4wdrevce4863nj6v4ysdbr",
  "fields": {
    "session_data": "eyJhY2NvdW50X3ZlcmlmaWVkX2VtYWlsIjpudWxsLCJhY2NvdW50X3VzZXIiOiIxbyJ9:1p4Q1P:hMfX-rkjWXPUE5mMPdeCOvhcpy3H3ykFN8Nx6seFdaM",
    "expire_date": "2022-12-25T17:21:51.330Z"
  }
},
{
  "model": "sessions.session",
  "pk": "i4jht5sbrqlrp28f9vxmffhnpikcbo5a",
  "fields": {
    "session_data": "eyJhY2NvdW50X3ZlcmlmaWVkX2VtYWlsIjpudWxsLCJhY2NvdW50X3VzZXIiOiIyZiJ9:1p4jFI:PJWal3Emb_jVKZYX29OYPjXsmmlXmG6cKgkr-l4NrEw",
    "expire_date": "2022-12-26T13:53:28.255Z"
  }
},
{
  "model": "sessions.session",
  "pk": "i4lpwg5dr79l5tbpg6x69dbha3p3r7ec",
  "fields": {
    "session_data": "eyJhY2NvdW50X3ZlcmlmaWVkX2VtYWlsIjpudWxsLCJhY2NvdW50X3VzZXIiOiIxZyJ9:1p4Pf9:d1S-0dEUOMB9-2Qe3Tp12e8BIGQJwtVHEULhEehrb_4",
    "expire_date": "2022-12-25T16:58:51.635Z"
  }
},
{
  "model": "sessions.session",
  "pk": "ib6qydc2jsdanv9z6bl7gk3z5cg61evt",
  "fields": {
    "session_data": "eyJhY2NvdW50X3ZlcmlmaWVkX2VtYWlsIjpudWxsLCJhY2NvdW50X3VzZXIiOiJiIn0:1p3cJQ:Pmrp9kHkt9VCmKO50iD31xUt-WcyxyzFwgy4HDfwPpM",
    "expire_date": "2022-12-23T12:17:08.618Z"
  }
},
{
  "model": "sessions.session",
  "pk": "icpd76t0xytqp89qnwuczarqqgna8i6v",
  "fields": {
    "session_data": ".eJxVjUkOAiEQRe_C2pBCGcSdXoQUVBGIHTqxYWW8u2J6ocv__vQUAUcvYWz8CJXERXgQh18YMd25TQeXZWKJKa2jdfnN7PYmrx_FrdeEva7ttrf-pgpuZT4QGPBIrCAfo3XWqRgZNCalrDcuejKcFXrDOnNOKrPmkz-DJQearHi9Ae5WPOY:1p4jkH:A2D6YChTM1rTjPfUfj0f0-aUuLl7a96otoSf3sf3OCs",
    "expire_date": "2022-12-26T14:25:29.202Z"
  }
},
{
  "model": "sessions.session",
  "pk": "immlb5qomd7lr16jipf0ebheoka7j74b",
  "fields": {
    "session_data": ".eJxVjMEOwiAQRP-FsyGRLbB40x8hC2wDsaGJwKnx321ND3qcNzNvE55Gz340fvmSxE2gE5dfGCg-uR4NLcuBJcW4jtrld3PWTd73xLWXSL2s9XG-_lSZWt49GpABUIeJJ9TKWgXEynJyoGc2AU2cMbFyjmzUickZjWitC2m6KgDx_gDYjDwq:1p59vC:gUPBhqAShYhCfH8qzcatlyIZgOCfPHQsmbKLyJ65icc",
    "expire_date": "2022-12-27T18:22:30.244Z"
  }
},
{
  "model": "sessions.session",
  "pk": "irdg2gp3gidyide40y8n3u67gpob97w1",
  "fields": {
    "session_data": ".eJxVjUkOAiEQRe_C2pBCGcSdXoQUVBGIHTqxYWW8u2J6ocv__vQUAUcvYWz8CJXERXgQh18YMd25TQeXZWKJKa2jdfnN7PYmrx_FrdeEva7ttrf-pgpuZT4QGPBIrCAfo3XWqRgZNCalrDcuejKcFXrDOnNOKrPmkz-DJQearHi9Ae5WPOY:1p4jkG:t3xVFqp9fzZX20gBv_33KgjT-GhctJtps7wkgK_kBsQ",
    "expire_date": "2022-12-26T14:25:28.075Z"
  }
},
{
  "model": "sessions.session",
  "pk": "j5zrzdo7pum6hgu2ublug1rwiwra2zft",
  "fields": {
    "session_data": ".eJxVjMEOgjAQRP9lz4Z0lVrgpj_S7G7X0FhLAq0X478LhgvHeTPzPkAiU83Fv3WOj6jB64tigiHXlE7gqZbR10VnHwMM4AwcIJM8NW8NpbThZvc1_81eL81tTZpLFCpxyvf9dVCNtIyrx2obCJlVyHTcdkjSY3CqF3auR2OR1OIVWRCNYURp-ewuwZIaG3oH3x_OZkgW:1p4Sr4:2b1gHCF5E3pjyCClOVZLVJaNmf7XKdsVcbfxqRkSTp4",
    "expire_date": "2022-12-25T20:23:22.205Z"
  }
},
{
  "model": "sessions.session",
  "pk": "jsyqgczswccb2l7qr6itak656roncam7",
  "fields": {
    "session_data": ".eJxVjMEOwiAQRP-FsyGFtsB60x8hy7IEYkMTCyfjv9uaHvQ4b2beS3jsLfu-8dOXKK4CtLj8woD04Ho0uCwHlki09trkd3PWm7ztiWsrhK2s9X6-_lQZt7x7xhCD0hOws3aeEAxrMgzGDgFStKA0uREczUA6DOSSsgk4Ts6Og0ZO4v0B3I88eQ:1p5AFS:vRcp6rIcCP8QgHKxGlHlk7wQrXcBK6T1FLnZkx5EPAI",
    "expire_date": "2022-12-27T18:43:26.939Z"
  }
},
{
  "model": "sessions.session",
  "pk": "ka2mprspnex9hm76c5ixbkov9x171iqh",
  "fields": {
    "session_data": ".eJxVjMEOgyAQRP-Fc2MEyrr0Vn-ErMsaSA0mFU5N_73aeGiP82bmvVSgVlNomzxDjuqm7FVdfuFE_JByNLQsB-6IeW2ldt_NWW_dfU9SamaqeS3j-fpTJdrS7hFAmfUU0Wo0MkOPProeyCNB9MC8Qx3JehCLbCwOg-6NOCAH4K1X7w_pPzwS:1p3vqj:zVaj3P008uIYAFvujyAQs5ORdqlPHcLdYS9RfX-TVVE",
    "expire_date": "2022-12-24T09:08:49.522Z"
  }
},
{
  "model": "sessions.session",
  "pk": "kimy1elbei8ucqdj97gi3xlniq50er5j",
  "fields": {
    "session_data": "eyJhY2NvdW50X3ZlcmlmaWVkX2VtYWlsIjpudWxsLCJhY2NvdW50X3VzZXIiOiJhIn0:1p3blg:p3HIFhfT8bECCPrTENC7gA8Km8nORQ0FpCakVyrZjKw",
    "expire_date": "2022-12-23T11:42:16.115Z"
  }
},
{
  "model": "sessions.session",
  "pk": "lhfbpsf7v8a0fpgt08b4x6l1zi67lzdl",
  "fields": {
    "session_data": "eyJhY2NvdW50X3ZlcmlmaWVkX2VtYWlsIjpudWxsLCJhY2NvdW50X3VzZXIiOiIxdCJ9:1p4QuR:OwxwxmsmR7l-PZrgJXR6RZcAfiqmvJElwk73SRUeLGM",
    "expire_date": "2022-12-25T18:18:43.729Z"
  }
},
{
  "model": "sessions.session",
  "pk": "lo1ckvda88peczcx5uikz1vz77zacr8p",
  "fields": {
    "session_data": "eyJhY2NvdW50X3ZlcmlmaWVkX2VtYWlsIjpudWxsLCJhY2NvdW50X3VzZXIiOiJjIn0:1p3d0S:PxoGdp6ite6e0i3jBtBYSol9BLu937Aa7wTTPRGHP28",
    "expire_date": "2022-12-23T13:01:36.116Z"
  }
},
{
  "model": "sessions.session",
  "pk": "lpe0n5azvog9lrk7y3sum12gnnt5j73a",
  "fields": {
    "session_data": "eyJhY2NvdW50X3ZlcmlmaWVkX2VtYWlsIjpudWxsLCJhY2NvdW50X3VzZXIiOiIyZCJ9:1p4UMT:eCxvsljnwBu18Fsb5twe_rujgus4L5vexXjx3t58Mxg",
    "expire_date": "2022-12-25T21:59:53.090Z"
  }
},
{
  "model": "sessions.session",
  "pk": "m6wwjdztkw4yue0ekucwc0dq6ak4lnb8",
  "fields": {
    "session_data": "eyJhY2NvdW50X3ZlcmlmaWVkX2VtYWlsIjpudWxsLCJhY2NvdW50X3VzZXIiOiIxbiJ9:1p4PyG:cDxCXQCyP2VOFyhu4Z1ZBB3HitDIzWxNghPTHbIIqfo",
    "expire_date": "2022-12-25T17:18:36.134Z"
  }
},
{
  "model": "sessions.session",
  "pk": "n5jc1go830dqwln5tgfrmsrw0ybc0c20",
  "fields": {
    "session_data": ".eJxVjUkOAiEQRe_C2pBCGcSdXoQUVBGIHTqxYWW8u2J6ocv__vQUAUcvYWz8CJXERXgQh18YMd25TQeXZWKJKa2jdfnN7PYmrx_FrdeEva7ttrf-pgpuZT4QGPBIrCAfo3XWqRgZNCalrDcuejKcFXrDOnNOKrPmkz-DJQearHi9Ae5WPOY:1p4jkG:t3xVFqp9fzZX20gBv_33KgjT-GhctJtps7wkgK_kBsQ",
    "expire_date": "2022-12-26T14:25:28.322Z"
  }
},
{
  "model": "sessions.session",
  "pk": "nex1aju2rd1e84n8l7uv38rtchm15e0l",
  "fields": {
    "session_data": ".eJxVjMEOwiAQRP-FsyGFtsB60x8hy7IEYkMTCyfjv9uaHvQ4b2beS3jsLfu-8dOXKK4CtLj8woD04Ho0uCwHlki09trkd3PWm7ztiWsrhK2s9X6-_lQZt7x7xhCD0hOws3aeEAxrMgzGDgFStKA0uREczUA6DOSSsgk4Ts6Og0ZO4v0B3I88eQ:1p59yI:V4kOSc2BMe8GbmD11UwhQwNF0Es2r5Sv0l4GnJY35I4",
    "expire_date": "2022-12-27T18:25:42.250Z"
  }
},
{
  "model": "sessions.session",
  "pk": "o8h0s9r30lnaxzyc0jvxkc0qe82y5jrx",
  "fields": {
    "session_data": "eyJhY2NvdW50X3ZlcmlmaWVkX2VtYWlsIjpudWxsLCJhY2NvdW50X3VzZXIiOiIyayJ9:1p4jo4:hSISV-gwMwmSST16FN23zyS82bff2VHB8X2BJMVsb0I",
    "expire_date": "2022-12-26T14:29:24.968Z"
  }
},
{
  "model": "sessions.session",
  "pk": "ob1v5pg5ynw7pd5s5gudwhbf3x0tu8vq",
  "fields": {
    "session_data": "eyJhY2NvdW50X3ZlcmlmaWVkX2VtYWlsIjpudWxsLCJhY2NvdW50X3VzZXIiOiIxdiJ9:1p4R9m:sGi5hWDoOffhE-GP04UUnfpRGbdpb26pMhwR51g6aRQ",
    "expire_date": "2022-12-25T18:34:34.738Z"
  }
},
{
  "model": "sessions.session",
  "pk": "ovspze5f86cl48tomcgox24774ekaktf",
  "fields": {
    "session_data": "eyJhY2NvdW50X3ZlcmlmaWVkX2VtYWlsIjpudWxsLCJhY2NvdW50X3VzZXIiOiIyMiJ9:1p4SwB:KRWm1FgF9fgBxpMbJkoAsHSFoKXdU8c9uXeRkbwDlqA",
    "expire_date": "2022-12-25T20:28:39.516Z"
  }
},
{
  "model": "sessions.session",
  "pk": "ozhvgknrst3m6izx0lq840vuz5e66fxl",
  "fields": {
    "session_data": ".eJxVjMEOgyAQRP-Fc2MEyrr0Vn-ErMsaSA0mFU5N_73aeGiP82bmvVSgVlNomzxDjuqm7FVdfuFE_JByNLQsB-6IeW2ldt_NWW_dfU9SamaqeS3j-fpTJdrS7hFAmfUU0Wo0MkOPProeyCNB9MC8Qx3JehCLbCwOg-6NOCAH4K1X7w_pPzwS:1p4NGo:DlX2G0eCTZ5TMbEIq0-Qf-eB5xW7DBZ_Ay8veNKC9Rs",
    "expire_date": "2022-12-25T14:25:34.607Z"
  }
},
{
  "model": "sessions.session",
  "pk": "p15ffrn0riec05zfhuxltvo7d138i4n7",
  "fields": {
    "session_data": "eyJhY2NvdW50X3ZlcmlmaWVkX2VtYWlsIjpudWxsLCJhY2NvdW50X3VzZXIiOiIyYyJ9:1p4U3r:I8dTK3PKwCzJtJhKs7Sj2BLh2h5r-I-R7dMPjhmWnFE",
    "expire_date": "2022-12-25T21:40:39.048Z"
  }
},
{
  "model": "sessions.session",
  "pk": "pwpt1v9q23dx6xg0jcfh010vzae9urbt",
  "fields": {
    "session_data": "eyJhY2NvdW50X3ZlcmlmaWVkX2VtYWlsIjpudWxsLCJhY2NvdW50X3VzZXIiOiIxcyJ9:1p4QWx:jXFWhsga4PkBGOhJBWkthat-WZ9JrN0WFl4zTQ-mN5o",
    "expire_date": "2022-12-25T17:54:27.870Z"
  }
},
{
  "model": "sessions.session",
  "pk": "q0awosu94028wydmjppaki0epu6h7pw8",
  "fields": {
    "session_data": "eyJhY2NvdW50X3ZlcmlmaWVkX2VtYWlsIjpudWxsLCJhY2NvdW50X3VzZXIiOiJ5In0:1p3vgK:ibo24ZfPDnX6iUHADE7LV1uBBMbewX_oMgbCp7i4Alo",
    "expire_date": "2022-12-24T08:58:04.390Z"
  }
},
{
  "model": "sessions.session",
  "pk": "q47z725kv0t3quzxdq7fzusb47tir8f7",
  "fields": {
    "session_data": "eyJhY2NvdW50X3ZlcmlmaWVkX2VtYWlsIjpudWxsLCJhY2NvdW50X3VzZXIiOiIyNCJ9:1p4Tj1:qPCG_ZBUQEHuNt2qrae0rwD9KDKmiUUbj54JiOjDzzM",
    "expire_date": "2022-12-25T21:19:07.711Z"
  }
},
{
  "model": "sessions.session",
  "pk": "qynch62nm6xt7m6xc3cu71hy441s7pon",
  "fields": {
    "session_data": "eyJhY2NvdW50X3ZlcmlmaWVkX2VtYWlsIjpudWxsLCJhY2NvdW50X3VzZXIiOiIyNyJ9:1p4Tvp:ZK-5-GMh-7kK2Phj7x1Nrik8uAAWRcOzt63xSro0UrM",
    "expire_date": "2022-12-25T21:32:21.524Z"
  }
},
{
  "model": "sessions.session",
  "pk": "rhl8m7536goduat23u038kjp86ptmj9h",
  "fields": {
    "session_data": "eyJhY2NvdW50X3ZlcmlmaWVkX2VtYWlsIjpudWxsLCJhY2NvdW50X3VzZXIiOiIyZSJ9:1p4hvx:XvvNKgtJp1DfLluPuSyD9iU54tV0nd399ZHzZs0g9Lg",
    "expire_date": "2022-12-26T12:29:25.028Z"
  }
},
{
  "model": "sessions.session",
  "pk": "rpsg3nd8rkau38duxr2t8duwbkz3iggk",
  "fields": {
    "session_data": "eyJhY2NvdW50X3ZlcmlmaWVkX2VtYWlsIjpudWxsLCJhY2NvdW50X3VzZXIiOiIyaSJ9:1p4jTj:hb_jvcpbbIXd2WgnxLIxQe2KbNrUybpagfhzpasYmrw",
    "expire_date": "2022-12-26T14:08:23.761Z"
  }
},
{
  "model": "sessions.session",
  "pk": "s7apg488659enrb2t0ge9r2xer0zfnf6",
  "fields": {
    "session_data": "eyJhY2NvdW50X3ZlcmlmaWVkX2VtYWlsIjpudWxsLCJhY2NvdW50X3VzZXIiOiJkIn0:1p3d5o:bC-rOa3n1ctDhZRs9H2lVo9u0rXBdaiohtc9PILyynI",
    "expire_date": "2022-12-23T13:07:08.934Z"
  }
},
{
  "model": "sessions.session",
  "pk": "sevy1s0prk2dtjkl499sjgwnqmn64ogi",
  "fields": {
    "session_data": "eyJhY2NvdW50X3ZlcmlmaWVkX2VtYWlsIjpudWxsLCJhY2NvdW50X3VzZXIiOiIyNiJ9:1p4Ts4:cTFpLcrhOIinR5gxhDwTJ_2uAsAMr3MzKASv6sPbwzk",
    "expire_date": "2022-12-25T21:28:28.467Z"
  }
},
{
  "model": "sessions.session",
  "pk": "ukhb2c1clumepch090ujkf1eu89lusvw",
  "fields": {
    "session_data": ".eJxVjMEOwiAQRP-FsyFlgQLe9EeaZZemxIYmAifjv9uaHvQ2M29mXmLC3pap1_ScMourcCAuv2FEeqRyEFzXI5ZItPXS5Ldz4ipvu0ulZcKWt3I_V39XC9Zl_xmVtpEtKuPdzDwCRO2VAxMZZhUIE4IN7HmYgwqeyRmrza4IVAg0iPcH2Lw7-Q:1p59tR:FXWbcc_OcE7KGeEXAOo9iXshKPYOnVro9Gq4kWfL974",
    "expire_date": "2022-12-27T18:20:41.020Z"
  }
},
{
  "model": "sessions.session",
  "pk": "v4ly6kcw74o2h6b5h135ilo5vazjvuvd",
  "fields": {
    "session_data": "eyJhY2NvdW50X3ZlcmlmaWVkX2VtYWlsIjpudWxsLCJhY2NvdW50X3VzZXIiOiIxaiJ9:1p4PiW:inmbJFjepAf9I-jkUDo1o4yLVPlMXd_8M87XZR1RLoo",
    "expire_date": "2022-12-25T17:02:20.439Z"
  }
},
{
  "model": "sessions.session",
  "pk": "wf3m35f97vshh4tjk1c9ylux10rkgsyl",
  "fields": {
    "session_data": "eyJhY2NvdW50X3ZlcmlmaWVkX2VtYWlsIjpudWxsLCJhY2NvdW50X3VzZXIiOiIxcSJ9:1p4Q6q:Qc3cqMpXmVqzt8fn8lVQSlyOlNrribp6uzOlYMuB2vE",
    "expire_date": "2022-12-25T17:27:28.041Z"
  }
},
{
  "model": "sessions.session",
  "pk": "wxxll29vokf6asfokk3c1xd1wja23kz3",
  "fields": {
    "session_data": "eyJhY2NvdW50X3ZlcmlmaWVkX2VtYWlsIjpudWxsLCJhY2NvdW50X3VzZXIiOiIxbCJ9:1p4PqA:Z-QnTQLBGiREhKAIiJRoUjXf8zf7X2U_H7MBJOgAes4",
    "expire_date": "2022-12-25T17:10:14.447Z"
  }
},
{
  "model": "sessions.session",
  "pk": "x247q990fft9udwhm1b55nfuinrblyhv",
  "fields": {
    "session_data": "eyJhY2NvdW50X3ZlcmlmaWVkX2VtYWlsIjpudWxsLCJhY2NvdW50X3VzZXIiOiIxNyJ9:1p4Odj:UdeG09gaDyXWPdzpVXp11h49OeDYQj3_XnLiQH31G68",
    "expire_date": "2022-12-25T15:53:19.854Z"
  }
},
{
  "model": "sessions.session",
  "pk": "ywgz9jrouwlzrswe4sbpfudbrm85xf0b",
  "fields": {
    "session_data": ".eJxVjUkOAiEQRe_C2pBCGcSdXoQUVBGIHTqxYWW8u2J6ocv__vQUAUcvYWz8CJXERXgQh18YMd25TQeXZWKJKa2jdfnN7PYmrx_FrdeEva7ttrf-pgpuZT4QGPBIrCAfo3XWqRgZNCalrDcuejKcFXrDOnNOKrPmkz-DJQearHi9Ae5WPOY:1p4jVJ:mhkIR0q_BcEAVuCu0yjcvvHr6kE2ELQba2WwFPaVt_o",
    "expire_date": "2022-12-26T14:10:01.686Z"
  }
},
{
  "model": "sessions.session",
  "pk": "z89o49ybsr55jfm80p5yimd7utt8xfqs",
  "fields": {
    "session_data": ".eJxVjMEOgyAQRP-Fc2MEyrr0Vn-ErMsaSA0mFU5N_73aeGiP82bmvVSgVlNomzxDjuqm7FVdfuFE_JByNLQsB-6IeW2ldt_NWW_dfU9SamaqeS3j-fpTJdrS7hFAmfUU0Wo0MkOPProeyCNB9MC8Qx3JehCLbCwOg-6NOCAH4K1X7w_pPzwS:1p4NKb:nLiCQ34Paso6MKE88Czs1fwv7jIoyFOOUbtRp8rrA_M",
    "expire_date": "2022-12-25T14:29:29.560Z"
  }
},
{
  "model": "sessions.session",
  "pk": "zo9sjdkiow3nxljnklse9sv4nmok8yzx",
  "fields": {
    "session_data": "eyJhY2NvdW50X3ZlcmlmaWVkX2VtYWlsIjpudWxsLCJhY2NvdW50X3VzZXIiOiIxYyJ9:1p4PUW:JSkrEwkU-5vJSFglmXISkb7i8URuaDPLOy9KWkibgZ8",
    "expire_date": "2022-12-25T16:47:52.020Z"
  }
},
{
  "model": "authtoken.token",
  "pk": "031a2032896fa5ec894702b0c41dcb53c1ee43fa",
  "fields": {
    "user": 3,
    "created": "2022-11-20T21:27:44.663Z"
  }
},
{
  "model": "authtoken.token",
  "pk": "0f3a5269e2d54881b68254200529a548ecc872ef",
  "fields": {
    "user": 72,
    "created": "2022-12-13T18:20:40.972Z"
  }
},
{
  "model": "authtoken.token",
  "pk": "1c51e582aeb9a30ba67cf5cf4d565e6e5b4d2218",
  "fields": {
    "user": 36,
    "created": "2022-12-10T10:36:28.876Z"
  }
},
{
  "model": "authtoken.token",
  "pk": "2d84bd1cb68066591db5db436523607db2c7e333",
  "fields": {
    "user": 13,
    "created": "2022-12-09T13:08:01.827Z"
  }
},
{
  "model": "authtoken.token",
  "pk": "370adc88a569406493733ba0966897fb82f9013e",
  "fields": {
    "user": 5,
    "created": "2022-12-07T15:20:44.697Z"
  }
},
{
  "model": "authtoken.token",
  "pk": "4b68c578bd4b893ad52fce7cd935f281fc99911e",
  "fields": {
    "user": 89,
    "created": "2022-12-13T18:22:30.223Z"
  }
},
{
  "model": "authtoken.token",
  "pk": "745d691ce48b878bbf07d429406620abe0e56b72",
  "fields": {
    "user": 90,
    "created": "2022-12-12T14:09:16.324Z"
  }
},
{
  "model": "authtoken.token",
  "pk": "769f7bfa4eed4a16e9254614d3809c275233f26c",
  "fields": {
    "user": 91,
    "created": "2022-12-12T14:27:30.322Z"
  }
},
{
  "model": "authtoken.token",
  "pk": "93609071b47a86f5bb54ed120f2510b4e213a388",
  "fields": {
    "user": 70,
    "created": "2022-12-11T20:23:22.148Z"
  }
},
{
  "model": "authtoken.token",
  "pk": "9cb8d9e696baac4679c0479db35da6412a9a7cc7",
  "fields": {
    "user": 1,
    "created": "2022-11-20T21:21:11.911Z"
  }
},
{
  "model": "authtoken.token",
  "pk": "b0bd0e61ca4b5cbfcb0a3431624a73687e41088a",
  "fields": {
    "user": 2,
    "created": "2022-11-20T21:23:13.842Z"
  }
},
{
  "model": "authtoken.token",
  "pk": "c7e566b2778dc5ce0cb00b6e3b61dde90ad05084",
  "fields": {
    "user": 34,
    "created": "2022-12-10T09:08:49.446Z"
  }
},
{
  "model": "authtoken.token",
  "pk": "e1746922c47a2b10a2220cf63f5b5f91855cfe33",
  "fields": {
    "user": 92,
    "created": "2022-12-12T14:31:42.557Z"
  }
},
{
  "model": "authtoken.token",
  "pk": "f22c2410d6398c524375da1a8fe454a2fd74f408",
  "fields": {
    "user": 87,
    "created": "2022-12-12T13:54:48.616Z"
  }
},
{
  "model": "authtoken.token",
  "pk": "f47acadfaa239beb1e92033c15ab5dcf4c445472",
  "fields": {
    "user": 4,
    "created": "2022-12-04T17:22:41.722Z"
  }
},
{
  "model": "account.emailaddress",
  "pk": 1,
  "fields": {
    "user": 1,
    "email": "hello@gmail.com",
    "verified": true,
    "primary": true
  }
},
{
  "model": "account.emailaddress",
  "pk": 2,
  "fields": {
    "user": 2,
    "email": "hello_1@gmail.com",
    "verified": true,
    "primary": true
  }
},
{
  "model": "account.emailaddress",
  "pk": 3,
  "fields": {
    "user": 3,
    "email": "hello_2@gmail.com",
    "verified": true,
    "primary": true
  }
},
{
  "model": "account.emailaddress",
  "pk": 4,
  "fields": {
    "user": 4,
    "email": "test_user_1@gmail.com",
    "verified": true,
    "primary": true
  }
},
{
  "model": "account.emailaddress",
  "pk": 5,
  "fields": {
    "user": 5,
    "email": "hello_10@gmail.com",
    "verified": true,
    "primary": true
  }
},
{
  "model": "account.emailaddress",
  "pk": 65,
  "fields": {
    "user": 65,
    "email": "test_user_2@gmail.com",
    "verified": true,
    "primary": true
  }
},
{
  "model": "account.emailaddress",
  "pk": 66,
  "fields": {
    "user": 66,
    "email": "test_user_3@gmail.com",
    "verified": true,
    "primary": true
  }
},
{
  "model": "account.emailaddress",
  "pk": 67,
  "fields": {
    "user": 67,
    "email": "hello_1_1@gmail.com",
    "verified": true,
    "primary": true
  }
},
{
  "model": "account.emailaddress",
  "pk": 68,
  "fields": {
    "user": 68,
    "email": "hello_2_2@gmail.com",
    "verified": true,
    "primary": true
  }
},
{
  "model": "account.emailaddress",
  "pk": 70,
  "fields": {
    "user": 70,
    "email": "test_user_10@gmail.com",
    "verified": true,
    "primary": true
  }
},
{
  "model": "account.emailaddress",
  "pk": 71,
  "fields": {
    "user": 71,
    "email": "test_user_11@gmail.com",
    "verified": true,
    "primary": true
  }
},
{
  "model": "account.emailaddress",
  "pk": 72,
  "fields": {
    "user": 72,
    "email": "test_user_19@gmail.com",
    "verified": true,
    "primary": true
  }
},
{
  "model": "account.emailaddress",
  "pk": 73,
  "fields": {
    "user": 73,
    "email": "test_user_29@gmail.com",
    "verified": true,
    "primary": true
  }
},
{
  "model": "account.emailaddress",
  "pk": 74,
  "fields": {
    "user": 74,
    "email": "test_user_23@gmail.com",
    "verified": true,
    "primary": true
  }
},
{
  "model": "account.emailaddress",
  "pk": 75,
  "fields": {
    "user": 75,
    "email": "test_user_99@gmail.com",
    "verified": true,
    "primary": true
  }
},
{
  "model": "account.emailaddress",
  "pk": 76,
  "fields": {
    "user": 76,
    "email": "hello_11@gmail.com",
    "verified": true,
    "primary": true
  }
},
{
  "model": "account.emailaddress",
  "pk": 77,
  "fields": {
    "user": 77,
    "email": "hello_111@gmail.com",
    "verified": true,
    "primary": true
  }
},
{
  "model": "account.emailaddress",
  "pk": 78,
  "fields": {
    "user": 78,
    "email": "hello_1112222@gmail.com",
    "verified": true,
    "primary": true
  }
},
{
  "model": "account.emailaddress",
  "pk": 79,
  "fields": {
    "user": 79,
    "email": "test_user_199@gmail.com",
    "verified": true,
    "primary": true
  }
},
{
  "model": "account.emailaddress",
  "pk": 80,
  "fields": {
    "user": 80,
    "email": "hello_112129@gmail.com",
    "verified": true,
    "primary": true
  }
},
{
  "model": "account.emailaddress",
  "pk": 81,
  "fields": {
    "user": 81,
    "email": "hello_112189@gmail.com",
    "verified": true,
    "primary": true
  }
},
{
  "model": "account.emailaddress",
  "pk": 82,
  "fields": {
    "user": 82,
    "email": "hello_11212222@gmail.com",
    "verified": true,
    "primary": true
  }
},
{
  "model": "account.emailaddress",
  "pk": 83,
  "fields": {
    "user": 83,
    "email": "hello_112122212@gmail.com",
    "verified": true,
    "primary": true
  }
},
{
  "model": "account.emailaddress",
  "pk": 84,
  "fields": {
    "user": 84,
    "email": "hello_1121_iiiiii@gmail.com",
    "verified": true,
    "primary": true
  }
},
{
  "model": "account.emailaddress",
  "pk": 85,
  "fields": {
    "user": 85,
    "email": "test_user_2000@gmail.com",
    "verified": true,
    "primary": true
  }
},
{
  "model": "account.emailaddress",
  "pk": 86,
  "fields": {
    "user": 86,
    "email": "ksajdflk@gmail.com",
    "verified": true,
    "primary": true
  }
},
{
  "model": "account.emailaddress",
  "pk": 87,
  "fields": {
    "user": 87,
    "email": "hello_1khkj11@gmail.com",
    "verified": true,
    "primary": true
  }
},
{
  "model": "account.emailaddress",
  "pk": 88,
  "fields": {
    "user": 88,
    "email": "hello_1_123123hhh@gmail.com",
    "verified": true,
    "primary": true
  }
},
{
  "model": "account.emailaddress",
  "pk": 89,
  "fields": {
    "user": 89,
    "email": "test_user_444@gmail.com",
    "verified": true,
    "primary": true
  }
},
{
  "model": "account.emailaddress",
  "pk": 90,
  "fields": {
    "user": 90,
    "email": "test_userjjjjjj@gmail.com",
    "verified": true,
    "primary": true
  }
},
{
  "model": "account.emailaddress",
  "pk": 91,
  "fields": {
    "user": 91,
    "email": "hello_12345678@gmail.com",
    "verified": true,
    "primary": true
  }
},
{
  "model": "account.emailaddress",
  "pk": 92,
  "fields": {
    "user": 92,
    "email": "test_user_198988@gmail.com",
    "verified": true,
    "primary": true
  }
},
{
  "model": "user.customuser",
  "pk": 1,
  "fields": {
    "first_name": "",
    "middle_name": "",
    "last_name": "",
    "photo": null,
    "username": "",
    "password": "pbkdf2_sha256$390000$WTaBy0DVBqct4xWuV2GDku$nAq/RBoertgaRLHJBAfkpqq1PObr3ainjB20d1ifcDE=",
    "phone": "0987654321",
    "email": "hello@gmail.com",
    "rating": 100,
    "is_staff": 0,
    "is_active": 1,
    "is_superuser": 0,
    "is_allowed_orders": 0,
    "date_joined": "2022-11-20T21:20:15.212Z",
    "last_login": "2022-11-20T21:21:11.924Z",
    "lic_date_birth": null,
    "lic_date_issue": null,
    "lic_date_completion": null,
    "lic_serial": "12312312",
    "lic_photo": null,
    "groups": [],
    "user_permissions": []
  }
},
{
  "model": "user.customuser",
  "pk": 2,
  "fields": {
    "first_name": "",
    "middle_name": "",
    "last_name": "",
    "photo": null,
    "username": "",
    "password": "pbkdf2_sha256$390000$Iwwl13bxXmgaCs4g1XaUaF$TYfkouM8ZSWQi0IucWG3Oivr1L/9sEa/ax3DVa8QEfE=",
    "phone": "1234",
    "email": "hello_1@gmail.com",
    "rating": 100,
    "is_staff": 0,
    "is_active": 1,
    "is_superuser": 0,
    "is_allowed_orders": 0,
    "date_joined": "2022-11-20T21:22:43.224Z",
    "last_login": "2022-11-20T21:23:35.683Z",
    "lic_date_birth": null,
    "lic_date_issue": null,
    "lic_date_completion": null,
    "lic_serial": "09808098",
    "lic_photo": null,
    "groups": [],
    "user_permissions": []
  }
},
{
  "model": "user.customuser",
  "pk": 3,
  "fields": {
    "first_name": "",
    "middle_name": "",
    "last_name": "",
    "photo": null,
    "username": "",
    "password": "pbkdf2_sha256$390000$iHpv5WnWIQs3fOu3RS0zH8$LFtLVGBML2og3gk10s+XxZ6JwokSGoGI1tizlmjAm8M=",
    "phone": "12345",
    "email": "hello_2@gmail.com",
    "rating": 100,
    "is_staff": 0,
    "is_active": 1,
    "is_superuser": 0,
    "is_allowed_orders": 0,
    "date_joined": "2022-11-20T21:26:51.903Z",
    "last_login": "2022-11-20T21:27:44.671Z",
    "lic_date_birth": null,
    "lic_date_issue": null,
    "lic_date_completion": null,
    "lic_serial": "12312311",
    "lic_photo": null,
    "groups": [],
    "user_permissions": []
  }
},
{
  "model": "user.customuser",
  "pk": 4,
  "fields": {
    "first_name": "",
    "middle_name": "",
    "last_name": "",
    "photo": null,
    "username": "",
    "password": "pbkdf2_sha256$390000$QcREbwxedSuxTc7Z0NOYKT$gY7g0qP37cdSMmaqzBQcWunM75xzTkqJ1o7/g2xT5RQ=",
    "phone": "54321",
    "email": "test_user_1@gmail.com",
    "rating": 100,
    "is_staff": 0,
    "is_active": 1,
    "is_superuser": 0,
    "is_allowed_orders": 0,
    "date_joined": "2022-12-04T17:21:22.231Z",
    "last_login": "2022-12-04T17:56:02.967Z",
    "lic_date_birth": null,
    "lic_date_issue": null,
    "lic_date_completion": null,
    "lic_serial": "01010",
    "lic_photo": null,
    "groups": [],
    "user_permissions": []
  }
},
{
  "model": "user.customuser",
  "pk": 5,
  "fields": {
    "first_name": "",
    "middle_name": "",
    "last_name": "",
    "photo": null,
    "username": "",
    "password": "pbkdf2_sha256$390000$ao4YxKtifjTvcBVHIEVUNj$NxufwJnE+Ts9Ph0ml90WqTsa41PTeL8/17+pae4Iv3o=",
    "phone": "121212",
    "email": "hello_10@gmail.com",
    "rating": 100,
    "is_staff": 0,
    "is_active": 1,
    "is_superuser": 0,
    "is_allowed_orders": 0,
    "date_joined": "2022-12-07T15:19:56.351Z",
    "last_login": "2022-12-07T15:20:44.716Z",
    "lic_date_birth": null,
    "lic_date_issue": null,
    "lic_date_completion": null,
    "lic_serial": "123123123",
    "lic_photo": null,
    "groups": [],
    "user_permissions": []
  }
},
{
  "model": "user.customuser",
  "pk": 65,
  "fields": {
    "first_name": "",
    "middle_name": "",
    "last_name": "",
    "photo": null,
    "username": "",
    "password": "pbkdf2_sha256$390000$wVtMxDoXF3C4A5iRUpIVQ6$IVfTMfPw9hIOBzwAGh8q3vjOyVRzq3uNoxzpue/9REs=",
    "phone": "+380123132239",
    "email": "test_user_2@gmail.com",
    "rating": 100,
    "is_staff": 0,
    "is_active": 1,
    "is_superuser": 0,
    "is_allowed_orders": 0,
    "date_joined": "2022-12-11T18:18:41.753Z",
    "last_login": "2022-12-11T18:18:41.753Z",
    "lic_date_birth": null,
    "lic_date_issue": null,
    "lic_date_completion": null,
    "lic_serial": null,
    "lic_photo": null,
    "groups": [],
    "user_permissions": []
  }
},
{
  "model": "user.customuser",
  "pk": 66,
  "fields": {
    "first_name": "",
    "middle_name": "",
    "last_name": "",
    "photo": null,
    "username": "",
    "password": "pbkdf2_sha256$390000$EhmbHhBgSYbWtZil09ba3q$Fr7h/qHbzDfUMgfJk6XCYl37SPMA8tSyZd6zSKJo3Ec=",
    "phone": "+380123211888",
    "email": "test_user_3@gmail.com",
    "rating": 100,
    "is_staff": 0,
    "is_active": 1,
    "is_superuser": 0,
    "is_allowed_orders": 0,
    "date_joined": "2022-12-11T18:22:26.886Z",
    "last_login": "2022-12-11T18:22:26.886Z",
    "lic_date_birth": null,
    "lic_date_issue": null,
    "lic_date_completion": null,
    "lic_serial": null,
    "lic_photo": null,
    "groups": [],
    "user_permissions": []
  }
},
{
  "model": "user.customuser",
  "pk": 67,
  "fields": {
    "first_name": "",
    "middle_name": "",
    "last_name": "",
    "photo": null,
    "username": "",
    "password": "pbkdf2_sha256$390000$un8Pwukd5PHZtH80XjQzsE$KcYk/dqRw2ATZF+utUelOl56ILe03LelQ1S+k8w5hLQ=",
    "phone": "+380123132232",
    "email": "hello_1_1@gmail.com",
    "rating": 100,
    "is_staff": 0,
    "is_active": 1,
    "is_superuser": 0,
    "is_allowed_orders": 0,
    "date_joined": "2022-12-11T18:34:33.336Z",
    "last_login": "2022-12-11T18:34:33.336Z",
    "lic_date_birth": null,
    "lic_date_issue": null,
    "lic_date_completion": null,
    "lic_serial": null,
    "lic_photo": null,
    "groups": [],
    "user_permissions": []
  }
},
{
  "model": "user.customuser",
  "pk": 68,
  "fields": {
    "first_name": "",
    "middle_name": "",
    "last_name": "",
    "photo": null,
    "username": "",
    "password": "pbkdf2_sha256$390000$kXchk1KCpmcsykyS03cDG6$rEMxVUSEyg4DG4L0y3huGzKumgJUsNV3P/jzSPdyGW4=",
    "phone": "+380123132777",
    "email": "hello_2_2@gmail.com",
    "rating": 100,
    "is_staff": 0,
    "is_active": 1,
    "is_superuser": 0,
    "is_allowed_orders": 0,
    "date_joined": "2022-12-11T18:36:36.427Z",
    "last_login": "2022-12-11T18:36:36.427Z",
    "lic_date_birth": null,
    "lic_date_issue": null,
    "lic_date_completion": null,
    "lic_serial": null,
    "lic_photo": null,
    "groups": [],
    "user_permissions": []
  }
},
{
  "model": "user.customuser",
  "pk": 70,
  "fields": {
    "first_name": "",
    "middle_name": "",
    "last_name": "",
    "photo": null,
    "username": "",
    "password": "pbkdf2_sha256$390000$qUGPUZ3mSCjjheaXgjHBbY$GDcZQ+aeINbwuNfK9Pdi83KU6AXhvhNiUs5TCJhlcPE=",
    "phone": "+380123132333",
    "email": "test_user_10@gmail.com",
    "rating": 100,
    "is_staff": 0,
    "is_active": 1,
    "is_superuser": 0,
    "is_allowed_orders": 0,
    "date_joined": "2022-12-11T20:23:21.534Z",
    "last_login": "2022-12-11T20:23:22.164Z",
    "lic_date_birth": null,
    "lic_date_issue": null,
    "lic_date_completion": null,
    "lic_serial": null,
    "lic_photo": null,
    "groups": [],
    "user_permissions": []
  }
},
{
  "model": "user.customuser",
  "pk": 71,
  "fields": {
    "first_name": "",
    "middle_name": "",
    "last_name": "",
    "photo": null,
    "username": "",
    "password": "pbkdf2_sha256$390000$V6CYqhcT5OkYLaID8tK0mi$rcqvrakB2X+60iIZLf9YqChHL0omxodslTH1jmfFh3k=",
    "phone": "+380123132888",
    "email": "test_user_11@gmail.com",
    "rating": 100,
    "is_staff": 0,
    "is_active": 1,
    "is_superuser": 0,
    "is_allowed_orders": 0,
    "date_joined": "2022-12-11T20:24:22.719Z",
    "last_login": "2022-12-11T20:24:22.719Z",
    "lic_date_birth": null,
    "lic_date_issue": null,
    "lic_date_completion": null,
    "lic_serial": null,
    "lic_photo": null,
    "groups": [],
    "user_permissions": []
  }
},
{
  "model": "user.customuser",
  "pk": 72,
  "fields": {
    "first_name": "",
    "middle_name": "",
    "last_name": "",
    "photo": null,
    "username": "",
    "password": "pbkdf2_sha256$390000$wF7u5DByo2wzr7FDOf9VpL$qlBc0DtXSYsfI0GvEpVKkN3hTjJBv4TBDU0JpKJPwQQ=",
    "phone": "+380123132889",
    "email": "test_user_19@gmail.com",
    "rating": 100,
    "is_staff": 0,
    "is_active": 1,
    "is_superuser": 0,
    "is_allowed_orders": 0,
    "date_joined": "2022-12-11T20:25:43.523Z",
    "last_login": "2022-12-13T18:20:41.011Z",
    "lic_date_birth": null,
    "lic_date_issue": null,
    "lic_date_completion": null,
    "lic_serial": null,
    "lic_photo": null,
    "groups": [],
    "user_permissions": []
  }
},
{
  "model": "user.customuser",
  "pk": 73,
  "fields": {
    "first_name": "",
    "middle_name": "",
    "last_name": "",
    "photo": null,
    "username": "",
    "password": "pbkdf2_sha256$390000$jfYED8p0Ugp0e5ZtOW83PN$NIXUcM7iDUeTr0WJM9BPygDK6j8sdO3s+nXajRW6ncw=",
    "phone": "+380123132881",
    "email": "test_user_29@gmail.com",
    "rating": 100,
    "is_staff": 0,
    "is_active": 1,
    "is_superuser": 0,
    "is_allowed_orders": 0,
    "date_joined": "2022-12-11T20:27:28.972Z",
    "last_login": "2022-12-11T20:27:28.972Z",
    "lic_date_birth": null,
    "lic_date_issue": null,
    "lic_date_completion": null,
    "lic_serial": null,
    "lic_photo": null,
    "groups": [],
    "user_permissions": []
  }
},
{
  "model": "user.customuser",
  "pk": 74,
  "fields": {
    "first_name": "",
    "middle_name": "",
    "last_name": "",
    "photo": null,
    "username": "",
    "password": "pbkdf2_sha256$390000$sbKjUOomxKnEIvyZxrdcwT$xKbTaO3s03PVY+A4C3reIh9O9GJU064NSqFT8iW0Vvw=",
    "phone": "+380123132882",
    "email": "test_user_23@gmail.com",
    "rating": 100,
    "is_staff": 0,
    "is_active": 1,
    "is_superuser": 0,
    "is_allowed_orders": 0,
    "date_joined": "2022-12-11T20:28:38.193Z",
    "last_login": "2022-12-11T20:28:38.193Z",
    "lic_date_birth": null,
    "lic_date_issue": null,
    "lic_date_completion": null,
    "lic_serial": null,
    "lic_photo": null,
    "groups": [],
    "user_permissions": []
  }
},
{
  "model": "user.customuser",
  "pk": 75,
  "fields": {
    "first_name": "",
    "middle_name": "",
    "last_name": "",
    "photo": null,
    "username": "",
    "password": "pbkdf2_sha256$390000$vfUBD36YX2cV6gSG6a7fMm$dNJab0XuPO4rW3fsVxO6WMziroOxeSvY4nXjoAYdtqo=",
    "phone": "+380123132267",
    "email": "test_user_99@gmail.com",
    "rating": 100,
    "is_staff": 0,
    "is_active": 1,
    "is_superuser": 0,
    "is_allowed_orders": 0,
    "date_joined": "2022-12-11T20:38:12.877Z",
    "last_login": "2022-12-11T20:38:12.877Z",
    "lic_date_birth": null,
    "lic_date_issue": null,
    "lic_date_completion": null,
    "lic_serial": null,
    "lic_photo": null,
    "groups": [],
    "user_permissions": []
  }
},
{
  "model": "user.customuser",
  "pk": 76,
  "fields": {
    "first_name": "",
    "middle_name": "",
    "last_name": "",
    "photo": null,
    "username": "",
    "password": "pbkdf2_sha256$390000$hK4uSYbxihAoNJbIIA624h$CmYjXjsf5knVV9MlPQXH714jENlxnajCwBdixMwQ7Us=",
    "phone": "+380123132299",
    "email": "hello_11@gmail.com",
    "rating": 100,
    "is_staff": 0,
    "is_active": 1,
    "is_superuser": 0,
    "is_allowed_orders": 0,
    "date_joined": "2022-12-11T21:19:06.180Z",
    "last_login": "2022-12-11T21:19:06.180Z",
    "lic_date_birth": null,
    "lic_date_issue": null,
    "lic_date_completion": null,
    "lic_serial": null,
    "lic_photo": null,
    "groups": [],
    "user_permissions": []
  }
},
{
  "model": "user.customuser",
  "pk": 77,
  "fields": {
    "first_name": "",
    "middle_name": "",
    "last_name": "",
    "photo": null,
    "username": "",
    "password": "pbkdf2_sha256$390000$mn1AmRPOSSIc1oa66pKebO$e+JbqbtaSfR2DQ53C16Je54W1T8x5XhdS1jomxKZbXM=",
    "phone": "+380123132277",
    "email": "hello_111@gmail.com",
    "rating": 100,
    "is_staff": 0,
    "is_active": 1,
    "is_superuser": 0,
    "is_allowed_orders": 0,
    "date_joined": "2022-12-11T21:20:35.598Z",
    "last_login": "2022-12-11T21:20:35.598Z",
    "lic_date_birth": null,
    "lic_date_issue": null,
    "lic_date_completion": null,
    "lic_serial": null,
    "lic_photo": null,
    "groups": [],
    "user_permissions": []
  }
},
{
  "model": "user.customuser",
  "pk": 78,
  "fields": {
    "first_name": "",
    "middle_name": "",
    "last_name": "",
    "photo": null,
    "username": "",
    "password": "pbkdf2_sha256$390000$U6oyi1btFh51j487mKBjNU$XrgxrUZb68hQEHhT2GA+MrasLofJpjmqdCOX972Yx3U=",
    "phone": "+380123135555",
    "email": "hello_1112222@gmail.com",
    "rating": 100,
    "is_staff": 0,
    "is_active": 1,
    "is_superuser": 0,
    "is_allowed_orders": 0,
    "date_joined": "2022-12-11T21:28:26.452Z",
    "last_login": "2022-12-11T21:28:26.452Z",
    "lic_date_birth": null,
    "lic_date_issue": null,
    "lic_date_completion": null,
    "lic_serial": null,
    "lic_photo": null,
    "groups": [],
    "user_permissions": []
  }
},
{
  "model": "user.customuser",
  "pk": 79,
  "fields": {
    "first_name": "",
    "middle_name": "",
    "last_name": "",
    "photo": null,
    "username": "",
    "password": "pbkdf2_sha256$390000$wqssbiBocIrX9gBgc8SIkr$pfoSvXasZCMY9MZcruHN8sPHAXmDImpb8NnfprYpiOA=",
    "phone": "+380123177777",
    "email": "test_user_199@gmail.com",
    "rating": 100,
    "is_staff": 0,
    "is_active": 1,
    "is_superuser": 0,
    "is_allowed_orders": 0,
    "date_joined": "2022-12-11T21:32:20.026Z",
    "last_login": "2022-12-11T21:32:20.026Z",
    "lic_date_birth": null,
    "lic_date_issue": null,
    "lic_date_completion": null,
    "lic_serial": null,
    "lic_photo": null,
    "groups": [],
    "user_permissions": []
  }
},
{
  "model": "user.customuser",
  "pk": 80,
  "fields": {
    "first_name": "",
    "middle_name": "",
    "last_name": "",
    "photo": null,
    "username": "",
    "password": "pbkdf2_sha256$390000$7U89GiIY7hSCrbvCKPTPTq$W8ENTvt2NZ7Sm9SieowIdPZEj6iU9AvXUGFEz2tdBDw=",
    "phone": "+380123132443",
    "email": "hello_112129@gmail.com",
    "rating": 100,
    "is_staff": 0,
    "is_active": 1,
    "is_superuser": 0,
    "is_allowed_orders": 0,
    "date_joined": "2022-12-11T21:37:33.883Z",
    "last_login": "2022-12-11T21:37:33.883Z",
    "lic_date_birth": null,
    "lic_date_issue": null,
    "lic_date_completion": null,
    "lic_serial": null,
    "lic_photo": null,
    "groups": [],
    "user_permissions": []
  }
},
{
  "model": "user.customuser",
  "pk": 81,
  "fields": {
    "first_name": "",
    "middle_name": "",
    "last_name": "",
    "photo": null,
    "username": "",
    "password": "pbkdf2_sha256$390000$RzVTaeuGVzYVs1FQvDAqYt$/MRgSAShvDlx1xhDD7SOwlNuoqc5kuXFer6Td5WzV9s=",
    "phone": "+380883132333",
    "email": "hello_112189@gmail.com",
    "rating": 100,
    "is_staff": 0,
    "is_active": 1,
    "is_superuser": 0,
    "is_allowed_orders": 0,
    "date_joined": "2022-12-11T21:38:11.635Z",
    "last_login": "2022-12-11T21:38:11.636Z",
    "lic_date_birth": null,
    "lic_date_issue": null,
    "lic_date_completion": null,
    "lic_serial": null,
    "lic_photo": null,
    "groups": [],
    "user_permissions": []
  }
},
{
  "model": "user.customuser",
  "pk": 82,
  "fields": {
    "first_name": "",
    "middle_name": "",
    "last_name": "",
    "photo": null,
    "username": "",
    "password": "pbkdf2_sha256$390000$MH44y2BY6xtNUeXmpIlKou$By07Quf0wimce7HQtNMk5xo450Acrc2RiTR8LccOQd4=",
    "phone": "+380883132656",
    "email": "hello_11212222@gmail.com",
    "rating": 100,
    "is_staff": 0,
    "is_active": 1,
    "is_superuser": 0,
    "is_allowed_orders": 0,
    "date_joined": "2022-12-11T21:39:01.996Z",
    "last_login": "2022-12-11T21:39:01.996Z",
    "lic_date_birth": null,
    "lic_date_issue": null,
    "lic_date_completion": null,
    "lic_serial": null,
    "lic_photo": null,
    "groups": [],
    "user_permissions": []
  }
},
{
  "model": "user.customuser",
  "pk": 83,
  "fields": {
    "first_name": "",
    "middle_name": "",
    "last_name": "",
    "photo": null,
    "username": "",
    "password": "pbkdf2_sha256$390000$RgnvdG7HJg2CIOvGYwvgKw$K6NuVQ3qHAqGPK4lxUGgg4DQbcYti23K/+pwkT24Q4E=",
    "phone": "+380883132658",
    "email": "hello_112122212@gmail.com",
    "rating": 100,
    "is_staff": 0,
    "is_active": 1,
    "is_superuser": 0,
    "is_allowed_orders": 0,
    "date_joined": "2022-12-11T21:39:43.920Z",
    "last_login": "2022-12-11T21:39:43.920Z",
    "lic_date_birth": null,
    "lic_date_issue": null,
    "lic_date_completion": null,
    "lic_serial": null,
    "lic_photo": null,
    "groups": [],
    "user_permissions": []
  }
},
{
  "model": "user.customuser",
  "pk": 84,
  "fields": {
    "first_name": "",
    "middle_name": "",
    "last_name": "",
    "photo": null,
    "username": "",
    "password": "pbkdf2_sha256$390000$3YSPZJX0GXbNlpHvXDPuff$1O6aE9b44YI77oFWfUfFkndC/jTECQlxy5cthFKIc0M=",
    "phone": "+380773211288",
    "email": "hello_1121_iiiiii@gmail.com",
    "rating": 100,
    "is_staff": 0,
    "is_active": 1,
    "is_superuser": 0,
    "is_allowed_orders": 0,
    "date_joined": "2022-12-11T21:40:37.702Z",
    "last_login": "2022-12-11T21:40:37.702Z",
    "lic_date_birth": null,
    "lic_date_issue": null,
    "lic_date_completion": null,
    "lic_serial": null,
    "lic_photo": null,
    "groups": [],
    "user_permissions": []
  }
},
{
  "model": "user.customuser",
  "pk": 85,
  "fields": {
    "first_name": "",
    "middle_name": "",
    "last_name": "",
    "photo": null,
    "username": "",
    "password": "pbkdf2_sha256$390000$ZY5IFr77BldPVWPqa6agzQ$/5xBX1nwmdrB4nSJd9dtRkX9ilc9647CI1+d5AAEiXg=",
    "phone": "+380123211232",
    "email": "test_user_2000@gmail.com",
    "rating": 100,
    "is_staff": 0,
    "is_active": 1,
    "is_superuser": 0,
    "is_allowed_orders": 0,
    "date_joined": "2022-12-11T21:59:51.708Z",
    "last_login": "2022-12-11T21:59:51.708Z",
    "lic_date_birth": null,
    "lic_date_issue": null,
    "lic_date_completion": null,
    "lic_serial": null,
    "lic_photo": null,
    "groups": [],
    "user_permissions": []
  }
},
{
  "model": "user.customuser",
  "pk": 86,
  "fields": {
    "first_name": "",
    "middle_name": "",
    "last_name": "",
    "photo": null,
    "username": "",
    "password": "pbkdf2_sha256$390000$6ot2Qm74twJ43d5M11VE49$Ak07U9VKh4wW3azRo2Y1EuvNw9U+yghJJRFPRjArnKg=",
    "phone": "+380991234577",
    "email": "ksajdflk@gmail.com",
    "rating": 100,
    "is_staff": 0,
    "is_active": 1,
    "is_superuser": 0,
    "is_allowed_orders": 0,
    "date_joined": "2022-12-12T12:29:23.474Z",
    "last_login": "2022-12-12T12:29:23.474Z",
    "lic_date_birth": null,
    "lic_date_issue": null,
    "lic_date_completion": null,
    "lic_serial": null,
    "lic_photo": null,
    "groups": [],
    "user_permissions": []
  }
},
{
  "model": "user.customuser",
  "pk": 87,
  "fields": {
    "first_name": "",
    "middle_name": "",
    "last_name": "",
    "photo": null,
    "username": "",
    "password": "pbkdf2_sha256$390000$m9yoUGlaHgGe0mBrDIoMG7$SiDy97+KyIG0P8/EvdFl9H1FiDAKxnux264Ai+WIpds=",
    "phone": "+380123215566",
    "email": "hello_1khkj11@gmail.com",
    "rating": 100,
    "is_staff": 0,
    "is_active": 1,
    "is_superuser": 0,
    "is_allowed_orders": 0,
    "date_joined": "2022-12-12T13:53:26.656Z",
    "last_login": "2022-12-12T13:54:48.627Z",
    "lic_date_birth": null,
    "lic_date_issue": null,
    "lic_date_completion": null,
    "lic_serial": null,
    "lic_photo": null,
    "groups": [],
    "user_permissions": []
  }
},
{
  "model": "user.customuser",
  "pk": 88,
  "fields": {
    "first_name": "",
    "middle_name": "",
    "last_name": "",
    "photo": null,
    "username": "",
    "password": "pbkdf2_sha256$390000$26JF4ANXebZnJPJgcayNh6$cmjPdjQmYVRf6yAZShZxEnHEFIZWz/wiN1LOWoFnu9U=",
    "phone": "+380123133344",
    "email": "hello_1_123123hhh@gmail.com",
    "rating": 100,
    "is_staff": 0,
    "is_active": 1,
    "is_superuser": 0,
    "is_allowed_orders": 0,
    "date_joined": "2022-12-12T13:55:25.046Z",
    "last_login": "2022-12-12T13:55:25.046Z",
    "lic_date_birth": null,
    "lic_date_issue": null,
    "lic_date_completion": null,
    "lic_serial": null,
    "lic_photo": null,
    "groups": [],
    "user_permissions": []
  }
},
{
  "model": "user.customuser",
  "pk": 89,
  "fields": {
    "first_name": "",
    "middle_name": "",
    "last_name": "",
    "photo": null,
    "username": "",
    "password": "pbkdf2_sha256$390000$21UqtmvQZDvkVTHx7UyM6k$6aOqH7J2kcgIgHTyiSkpMkQklH+qoNgt1ddvIpptrRg=",
    "phone": "+380123811333",
    "email": "test_user_444@gmail.com",
    "rating": 100,
    "is_staff": 0,
    "is_active": 1,
    "is_superuser": 0,
    "is_allowed_orders": 0,
    "date_joined": "2022-12-12T13:57:18.714Z",
    "last_login": "2022-12-13T18:22:30.232Z",
    "lic_date_birth": null,
    "lic_date_issue": null,
    "lic_date_completion": null,
    "lic_serial": null,
    "lic_photo": null,
    "groups": [],
    "user_permissions": []
  }
},
{
  "model": "user.customuser",
  "pk": 90,
  "fields": {
    "first_name": "",
    "middle_name": "",
    "last_name": "",
    "photo": null,
    "username": "",
    "password": "pbkdf2_sha256$390000$fXsd6csgXmXbkUcANSHgI8$DZ/eDD3LaeO3O/e1zxZ8Af/R5FB6IHLYryWbhinIwmw=",
    "phone": "+38012313245",
    "email": "test_userjjjjjj@gmail.com",
    "rating": 100,
    "is_staff": 0,
    "is_active": 1,
    "is_superuser": 0,
    "is_allowed_orders": 0,
    "date_joined": "2022-12-12T14:08:22.152Z",
    "last_login": "2022-12-12T14:25:29.196Z",
    "lic_date_birth": null,
    "lic_date_issue": null,
    "lic_date_completion": null,
    "lic_serial": null,
    "lic_photo": null,
    "groups": [],
    "user_permissions": []
  }
},
{
  "model": "user.customuser",
  "pk": 91,
  "fields": {
    "first_name": "",
    "middle_name": "",
    "last_name": "",
    "photo": null,
    "username": "",
    "password": "pbkdf2_sha256$390000$87HNKq9bJLFsf4NGlQcb1N$wUktMAaFkOCBDQEGzbFXGD937ntNxANd3T988tkcsic=",
    "phone": "+380123132222",
    "email": "hello_12345678@gmail.com",
    "rating": 100,
    "is_staff": 0,
    "is_active": 1,
    "is_superuser": 0,
    "is_allowed_orders": 0,
    "date_joined": "2022-12-12T14:25:55.194Z",
    "last_login": "2022-12-12T14:27:30.332Z",
    "lic_date_birth": null,
    "lic_date_issue": null,
    "lic_date_completion": null,
    "lic_serial": null,
    "lic_photo": null,
    "groups": [],
    "user_permissions": []
  }
},
{
  "model": "user.customuser",
  "pk": 92,
  "fields": {
    "first_name": "",
    "middle_name": "",
    "last_name": "",
    "photo": null,
    "username": "",
    "password": "pbkdf2_sha256$390000$jO1xA59op3m1ZjyhVT6r1W$8+OdE3yF7huYYMALQKt8GWjKdW3mOWJbVNxQf2RoKeA=",
    "phone": "+380123216767",
    "email": "test_user_198988@gmail.com",
    "rating": 100,
    "is_staff": 0,
    "is_active": 1,
    "is_superuser": 0,
    "is_allowed_orders": 0,
    "date_joined": "2022-12-12T14:29:24.393Z",
    "last_login": "2022-12-13T18:43:26.933Z",
    "lic_date_birth": null,
    "lic_date_issue": null,
    "lic_date_completion": null,
    "lic_serial": null,
    "lic_photo": null,
    "groups": [],
    "user_permissions": []
  }
},
{
  "model": "user.order",
  "pk": 1,
  "fields": {
    "user": 2,
    "car": 8,
    "order_type": "owning",
    "order_price": 0.0,
    "date_creation": "2022-11-20T21:26:04.594Z",
    "date_end": null
  }
},
{
  "model": "user.order",
  "pk": 9,
  "fields": {
    "user": 3,
    "car": 8,
    "order_type": "renting",
    "order_price": 12.11,
    "date_creation": "2022-11-20T22:39:43.942Z",
    "date_end": null
  }
},
{
  "model": "user.order",
  "pk": 10,
  "fields": {
    "user": 2,
    "car": 9,
    "order_type": "owning",
    "order_price": 0.0,
    "date_creation": "2022-11-20T23:13:20.949Z",
    "date_end": null
  }
},
{
  "model": "user.order",
  "pk": 11,
  "fields": {
    "user": 3,
    "car": 8,
    "order_type": "renting",
    "order_price": 11.12,
    "date_creation": "2022-11-21T09:15:16.149Z",
    "date_end": null
  }
},
{
  "model": "user.order",
  "pk": 12,
  "fields": {
    "user": 2,
    "car": 9,
    "order_type": "renting",
    "order_price": 16834.078584,
    "date_creation": "2022-11-21T10:35:54.229Z",
    "date_end": "2022-11-21T10:37:16.266Z"
  }
},
{
  "model": "user.order",
  "pk": 13,
  "fields": {
    "user": 2,
    "car": 10,
    "order_type": "owning",
    "order_price": 0.0,
    "date_creation": "2022-11-21T10:42:40.093Z",
    "date_end": null
  }
},
{
  "model": "user.order",
  "pk": 14,
  "fields": {
    "user": 3,
    "car": 8,
    "order_type": "renting",
    "order_price": 12176.7600672,
    "date_creation": "2022-11-21T11:51:08.280Z",
    "date_end": "2022-11-21T11:52:07.621Z"
  }
},
{
  "model": "user.order",
  "pk": 15,
  "fields": {
    "user": 3,
    "car": 9,
    "order_type": "renting",
    "order_price": 7729.8835896,
    "date_creation": "2022-12-02T11:32:57.454Z",
    "date_end": "2022-12-02T11:33:35.124Z"
  }
},
{
  "model": "user.order",
  "pk": 16,
  "fields": {
    "user": 3,
    "car": 9,
    "order_type": "renting",
    "order_price": 3664.0514051999994,
    "date_creation": "2022-12-02T11:35:45.568Z",
    "date_end": "2022-12-02T11:36:03.424Z"
  }
},
{
  "model": "user.order",
  "pk": 21,
  "fields": {
    "user": 3,
    "car": 16,
    "order_type": "owning",
    "order_price": 0.0,
    "date_creation": "2022-12-08T12:47:13.364Z",
    "date_end": null
  }
},
{
  "model": "user.order",
  "pk": 22,
  "fields": {
    "user": 3,
    "car": 18,
    "order_type": "owning",
    "order_price": 0.0,
    "date_creation": "2022-12-11T13:56:56.181Z",
    "date_end": null
  }
},
{
  "model": "user.order",
  "pk": 23,
  "fields": {
    "user": 3,
    "car": 22,
    "order_type": "owning",
    "order_price": 0.0,
    "date_creation": "2022-12-13T09:08:54.271Z",
    "date_end": null
  }
},
{
  "model": "user.order",
  "pk": 24,
  "fields": {
    "user": 3,
    "car": 23,
    "order_type": "owning",
    "order_price": 0.0,
    "date_creation": "2022-12-13T09:09:43.652Z",
    "date_end": null
  }
},
{
  "model": "user.order",
  "pk": 25,
  "fields": {
    "user": 3,
    "car": 24,
    "order_type": "owning",
    "order_price": 0.0,
    "date_creation": "2022-12-13T09:10:26.802Z",
    "date_end": null
  }
},
{
  "model": "user.order",
  "pk": 26,
  "fields": {
    "user": 3,
    "car": 25,
    "order_type": "owning",
    "order_price": 0.0,
    "date_creation": "2022-12-13T09:11:06.516Z",
    "date_end": null
  }
},
{
  "model": "user.order",
  "pk": 27,
  "fields": {
    "user": 3,
    "car": 26,
    "order_type": "owning",
    "order_price": 0.0,
    "date_creation": "2022-12-13T09:12:31.865Z",
    "date_end": null
  }
},
{
  "model": "user.order",
  "pk": 28,
  "fields": {
    "user": 3,
    "car": 27,
    "order_type": "owning",
    "order_price": 0.0,
    "date_creation": "2022-12-13T09:13:29.133Z",
    "date_end": null
  }
},
{
  "model": "user.order",
  "pk": 29,
  "fields": {
    "user": 91,
    "car": 16,
    "order_type": "renting",
    "order_price": 0.0,
    "date_creation": "2022-12-14T10:05:59.259Z",
    "date_end": "2022-12-14T10:06:59.684Z"
  }
},
{
  "model": "user.order",
  "pk": 30,
  "fields": {
    "user": 91,
    "car": 26,
    "order_type": "renting",
    "order_price": 0.0,
    "date_creation": "2022-12-15T13:43:36.270Z",
    "date_end": null
  }
},
{
  "model": "car.car",
  "pk": 8,
  "fields": {
    "make": "BMW",
    "model": "Sport22",
    "vin_code": "132123ff",
    "registration_number": "131555",
    "body_type": "sedan",
    "category_type": "standard",
    "insure_number": "73437435",
    "year": 2012,
    "number_of_seats": 13,
    "fuel_type": "Petrol (A92)",
    "fuel_tank_left": 0.0,
    "price_per_min": 12312.0,
    "available_now": 1,
    "photo": "3123",
    "longitude": 24.227009,
    "latitude": 50.08303,
    "is_approved": 1
  }
},
{
  "model": "car.car",
  "pk": 9,
  "fields": {
    "make": "range rover",
    "model": "Sport22",
    "vin_code": "12312333",
    "registration_number": "09908",
    "body_type": "sedan",
    "category_type": "standard",
    "insure_number": "12313",
    "year": 2012,
    "number_of_seats": 13,
    "fuel_type": "Petrol (A92)",
    "fuel_tank_left": 0.0,
    "price_per_min": 12312.0,
    "available_now": 1,
    "photo": "3123",
    "longitude": 23.542345,
    "latitude": 49.938464,
    "is_approved": 1
  }
},
{
  "model": "car.car",
  "pk": 10,
  "fields": {
    "make": "1213231",
    "model": "413213",
    "vin_code": "31231231",
    "registration_number": "AA1234DD",
    "body_type": "sedan",
    "category_type": "standard",
    "insure_number": "22342",
    "year": 2012,
    "number_of_seats": 2,
    "fuel_type": "Petrol (A92)",
    "fuel_tank_left": 0.0,
    "price_per_min": 12431.0,
    "available_now": 1,
    "photo": "4321",
    "longitude": 24.156686085971355,
    "latitude": 49.64622107200711,
    "is_approved": 1
  }
},
{
  "model": "car.car",
  "pk": 16,
  "fields": {
    "make": "Alfa Romeo",
    "model": "Brera",
    "vin_code": "0000000000",
    "registration_number": "AA1234AA",
    "body_type": "coupe",
    "category_type": "premium",
    "insure_number": "1234",
    "year": 2013,
    "number_of_seats": 4,
    "fuel_type": "Petrol (A98)",
    "fuel_tank_left": 0.0,
    "price_per_min": 0.0,
    "available_now": 1,
    "photo": "",
    "longitude": 24.050432,
    "latitude": 49.840065,
    "is_approved": 1
  }
},
{
  "model": "car.car",
  "pk": 18,
  "fields": {
    "make": "BEB",
    "model": "BEB",
    "vin_code": "FGG12341",
    "registration_number": "FF1234FF",
    "body_type": "sedan",
    "category_type": "premium",
    "insure_number": "342349",
    "year": 2018,
    "number_of_seats": 2,
    "fuel_type": "Petrol (A92)",
    "fuel_tank_left": 0.0,
    "price_per_min": 1.0,
    "available_now": 1,
    "photo": "",
    "longitude": 24.015501187319916,
    "latitude": 49.84997388984549,
    "is_approved": 1
  }
},
{
  "model": "car.car",
  "pk": 22,
  "fields": {
    "make": "Mercedes",
    "model": "test_1",
    "vin_code": "44332211",
    "registration_number": "AA2222AA",
    "body_type": "coupe",
    "category_type": "premium",
    "insure_number": "44332211",
    "year": 2013,
    "number_of_seats": 4,
    "fuel_type": "Petrol (A95)",
    "fuel_tank_left": 0.0,
    "price_per_min": 15.0,
    "available_now": 1,
    "photo": "",
    "longitude": 23.987858270496474,
    "latitude": 49.84862427981892,
    "is_approved": 1
  }
},
{
  "model": "car.car",
  "pk": 23,
  "fields": {
    "make": "Mercedes",
    "model": "test_2",
    "vin_code": "11223344",
    "registration_number": "AA0000AA",
    "body_type": "suv",
    "category_type": "premium",
    "insure_number": "11223344",
    "year": 2013,
    "number_of_seats": 4,
    "fuel_type": "Petrol (A98)",
    "fuel_tank_left": 0.0,
    "price_per_min": 12.0,
    "available_now": 1,
    "photo": "",
    "longitude": 23.938432736292707,
    "latitude": 49.83559180557081,
    "is_approved": 1
  }
},
{
  "model": "car.car",
  "pk": 24,
  "fields": {
    "make": "Subaru",
    "model": "test_1",
    "vin_code": "44335566",
    "registration_number": "KA1234KA",
    "body_type": "suv",
    "category_type": "standard",
    "insure_number": "44335566",
    "year": 2013,
    "number_of_seats": 4,
    "fuel_type": "Diesel",
    "fuel_tank_left": 0.0,
    "price_per_min": 7.0,
    "available_now": 1,
    "photo": "",
    "longitude": -81.5639,
    "latitude": 28.3852,
    "is_approved": 1
  }
},
{
  "model": "car.car",
  "pk": 25,
  "fields": {
    "make": "Subaru",
    "model": "test_2",
    "vin_code": "88776655",
    "registration_number": "KA4321KA",
    "body_type": "estate",
    "category_type": "standard",
    "insure_number": "887766556",
    "year": 2013,
    "number_of_seats": 4,
    "fuel_type": "Gas",
    "fuel_tank_left": 0.0,
    "price_per_min": 4.0,
    "available_now": 1,
    "photo": "",
    "longitude": 24.031519,
    "latitude": 49.841908,
    "is_approved": 1
  }
},
{
  "model": "car.car",
  "pk": 26,
  "fields": {
    "make": "Iveco",
    "model": "test_1",
    "vin_code": "33661177",
    "registration_number": "AO9988AO",
    "body_type": "van",
    "category_type": "commercial",
    "insure_number": "33661177",
    "year": 2015,
    "number_of_seats": 4,
    "fuel_type": "Gas",
    "fuel_tank_left": 0.0,
    "price_per_min": 13.1,
    "available_now": 0,
    "photo": "",
    "longitude": 24.028198032137965,
    "latitude": 49.94489783159167,
    "is_approved": 1
  }
},
{
  "model": "car.car",
  "pk": 27,
  "fields": {
    "make": "Iveco",
    "model": "test_2",
    "vin_code": "876543",
    "registration_number": "AO5566AO",
    "body_type": "suv",
    "category_type": "commercial",
    "insure_number": "876543",
    "year": 2018,
    "number_of_seats": 2,
    "fuel_type": "Electric",
    "fuel_tank_left": 0.0,
    "price_per_min": 10.1,
    "available_now": 1,
    "photo": "",
    "longitude": 24.262688024297034,
    "latitude": 49.71124768879001,
    "is_approved": 1
  }
}
]
